-- Generated by Craft v2.6.2780 on Apr 13, 2016, 12:11:02 AM.

--
-- Disable foreign key checks and autocommit.
--

SET FOREIGN_KEY_CHECKS = 0;
SET SQL_MODE = "NO_AUTO_VALUE_ON_ZERO";
SET AUTOCOMMIT = 0;
SET NAMES utf8;


DROP TABLE IF EXISTS `craft_assetfiles`;


--
-- Schema for table `craft_assetfiles`
--
CREATE TABLE `craft_assetfiles` (
  `id` int(11) NOT NULL,
  `sourceId` int(11) DEFAULT NULL,
  `folderId` int(11) NOT NULL,
  `filename` varchar(255) COLLATE utf8_unicode_ci NOT NULL,
  `kind` varchar(50) COLLATE utf8_unicode_ci NOT NULL DEFAULT 'unknown',
  `width` int(11) unsigned DEFAULT NULL,
  `height` int(11) unsigned DEFAULT NULL,
  `size` bigint(20) unsigned DEFAULT NULL,
  `dateModified` datetime DEFAULT NULL,
  `dateCreated` datetime NOT NULL,
  `dateUpdated` datetime NOT NULL,
  `uid` char(36) COLLATE utf8_unicode_ci NOT NULL DEFAULT '0',
  PRIMARY KEY (`id`),
  UNIQUE KEY `craft_assetfiles_filename_folderId_unq_idx` (`filename`,`folderId`),
  KEY `craft_assetfiles_sourceId_fk` (`sourceId`),
  KEY `craft_assetfiles_folderId_fk` (`folderId`)
) ENGINE=InnoDB DEFAULT CHARSET=utf8 COLLATE=utf8_unicode_ci;

DROP TABLE IF EXISTS `craft_assetfolders`;


--
-- Schema for table `craft_assetfolders`
--
CREATE TABLE `craft_assetfolders` (
  `id` int(11) NOT NULL AUTO_INCREMENT,
  `parentId` int(11) DEFAULT NULL,
  `sourceId` int(11) DEFAULT NULL,
  `name` varchar(255) COLLATE utf8_unicode_ci NOT NULL,
  `path` varchar(255) COLLATE utf8_unicode_ci DEFAULT NULL,
  `dateCreated` datetime NOT NULL,
  `dateUpdated` datetime NOT NULL,
  `uid` char(36) COLLATE utf8_unicode_ci NOT NULL DEFAULT '0',
  PRIMARY KEY (`id`),
  UNIQUE KEY `craft_assetfolders_name_parentId_sourceId_unq_idx` (`name`,`parentId`,`sourceId`),
  KEY `craft_assetfolders_parentId_fk` (`parentId`),
  KEY `craft_assetfolders_sourceId_fk` (`sourceId`)
) ENGINE=InnoDB DEFAULT CHARSET=utf8 COLLATE=utf8_unicode_ci;

DROP TABLE IF EXISTS `craft_assetindexdata`;


--
-- Schema for table `craft_assetindexdata`
--
CREATE TABLE `craft_assetindexdata` (
  `id` int(11) NOT NULL AUTO_INCREMENT,
  `sessionId` varchar(36) COLLATE utf8_unicode_ci NOT NULL DEFAULT '',
  `sourceId` int(10) NOT NULL,
  `offset` int(10) NOT NULL,
  `uri` varchar(255) COLLATE utf8_unicode_ci DEFAULT NULL,
  `size` bigint(20) unsigned DEFAULT NULL,
  `recordId` int(10) DEFAULT NULL,
  `dateCreated` datetime NOT NULL,
  `dateUpdated` datetime NOT NULL,
  `uid` char(36) COLLATE utf8_unicode_ci NOT NULL DEFAULT '0',
  PRIMARY KEY (`id`),
  UNIQUE KEY `craft_assetindexdata_sessionId_sourceId_offset_unq_idx` (`sessionId`,`sourceId`,`offset`),
  KEY `craft_assetindexdata_sourceId_fk` (`sourceId`)
) ENGINE=InnoDB DEFAULT CHARSET=utf8 COLLATE=utf8_unicode_ci;

DROP TABLE IF EXISTS `craft_assetsources`;


--
-- Schema for table `craft_assetsources`
--
CREATE TABLE `craft_assetsources` (
  `id` int(11) NOT NULL AUTO_INCREMENT,
  `name` varchar(255) COLLATE utf8_unicode_ci NOT NULL,
  `handle` varchar(255) COLLATE utf8_unicode_ci NOT NULL,
  `type` varchar(150) COLLATE utf8_unicode_ci NOT NULL,
  `settings` text COLLATE utf8_unicode_ci,
  `sortOrder` smallint(6) unsigned DEFAULT NULL,
  `fieldLayoutId` int(10) DEFAULT NULL,
  `dateCreated` datetime NOT NULL,
  `dateUpdated` datetime NOT NULL,
  `uid` char(36) COLLATE utf8_unicode_ci NOT NULL DEFAULT '0',
  PRIMARY KEY (`id`),
  UNIQUE KEY `craft_assetsources_name_unq_idx` (`name`),
  UNIQUE KEY `craft_assetsources_handle_unq_idx` (`handle`),
  KEY `craft_assetsources_fieldLayoutId_fk` (`fieldLayoutId`)
) ENGINE=InnoDB DEFAULT CHARSET=utf8 COLLATE=utf8_unicode_ci;

DROP TABLE IF EXISTS `craft_assettransformindex`;


--
-- Schema for table `craft_assettransformindex`
--
CREATE TABLE `craft_assettransformindex` (
  `id` int(11) NOT NULL AUTO_INCREMENT,
  `fileId` int(11) NOT NULL,
  `filename` varchar(255) COLLATE utf8_unicode_ci DEFAULT NULL,
  `format` varchar(255) COLLATE utf8_unicode_ci DEFAULT NULL,
  `location` varchar(255) COLLATE utf8_unicode_ci NOT NULL,
  `sourceId` int(11) DEFAULT NULL,
  `fileExists` tinyint(1) DEFAULT NULL,
  `inProgress` tinyint(1) DEFAULT NULL,
  `dateIndexed` datetime DEFAULT NULL,
  `dateCreated` datetime NOT NULL,
  `dateUpdated` datetime NOT NULL,
  `uid` char(36) COLLATE utf8_unicode_ci NOT NULL DEFAULT '0',
  PRIMARY KEY (`id`),
  KEY `craft_assettransformindex_sourceId_fileId_location_idx` (`sourceId`,`fileId`,`location`)
) ENGINE=InnoDB DEFAULT CHARSET=utf8 COLLATE=utf8_unicode_ci;

DROP TABLE IF EXISTS `craft_assettransforms`;


--
-- Schema for table `craft_assettransforms`
--
CREATE TABLE `craft_assettransforms` (
  `id` int(11) NOT NULL AUTO_INCREMENT,
  `name` varchar(255) COLLATE utf8_unicode_ci NOT NULL,
  `handle` varchar(255) COLLATE utf8_unicode_ci NOT NULL,
  `mode` enum('stretch','fit','crop') COLLATE utf8_unicode_ci NOT NULL DEFAULT 'crop',
  `position` enum('top-left','top-center','top-right','center-left','center-center','center-right','bottom-left','bottom-center','bottom-right') COLLATE utf8_unicode_ci NOT NULL DEFAULT 'center-center',
  `height` int(10) DEFAULT NULL,
  `width` int(10) DEFAULT NULL,
  `format` varchar(255) COLLATE utf8_unicode_ci DEFAULT NULL,
  `quality` int(10) DEFAULT NULL,
  `dimensionChangeTime` datetime DEFAULT NULL,
  `dateCreated` datetime NOT NULL,
  `dateUpdated` datetime NOT NULL,
  `uid` char(36) COLLATE utf8_unicode_ci NOT NULL DEFAULT '0',
  PRIMARY KEY (`id`),
  UNIQUE KEY `craft_assettransforms_name_unq_idx` (`name`),
  UNIQUE KEY `craft_assettransforms_handle_unq_idx` (`handle`)
) ENGINE=InnoDB DEFAULT CHARSET=utf8 COLLATE=utf8_unicode_ci;

DROP TABLE IF EXISTS `craft_categories`;


--
-- Schema for table `craft_categories`
--
CREATE TABLE `craft_categories` (
  `id` int(11) NOT NULL,
  `groupId` int(11) NOT NULL,
  `dateCreated` datetime NOT NULL,
  `dateUpdated` datetime NOT NULL,
  `uid` char(36) COLLATE utf8_unicode_ci NOT NULL DEFAULT '0',
  PRIMARY KEY (`id`),
  KEY `craft_categories_groupId_fk` (`groupId`)
) ENGINE=InnoDB DEFAULT CHARSET=utf8 COLLATE=utf8_unicode_ci;

DROP TABLE IF EXISTS `craft_categorygroups`;


--
-- Schema for table `craft_categorygroups`
--
CREATE TABLE `craft_categorygroups` (
  `id` int(11) NOT NULL AUTO_INCREMENT,
  `structureId` int(11) NOT NULL,
  `fieldLayoutId` int(11) DEFAULT NULL,
  `name` varchar(255) COLLATE utf8_unicode_ci NOT NULL,
  `handle` varchar(255) COLLATE utf8_unicode_ci NOT NULL,
  `hasUrls` tinyint(1) unsigned NOT NULL DEFAULT '1',
  `template` varchar(500) COLLATE utf8_unicode_ci DEFAULT NULL,
  `dateCreated` datetime NOT NULL,
  `dateUpdated` datetime NOT NULL,
  `uid` char(36) COLLATE utf8_unicode_ci NOT NULL DEFAULT '0',
  PRIMARY KEY (`id`),
  UNIQUE KEY `craft_categorygroups_name_unq_idx` (`name`),
  UNIQUE KEY `craft_categorygroups_handle_unq_idx` (`handle`),
  KEY `craft_categorygroups_structureId_fk` (`structureId`),
  KEY `craft_categorygroups_fieldLayoutId_fk` (`fieldLayoutId`)
) ENGINE=InnoDB DEFAULT CHARSET=utf8 COLLATE=utf8_unicode_ci;

DROP TABLE IF EXISTS `craft_categorygroups_i18n`;


--
-- Schema for table `craft_categorygroups_i18n`
--
CREATE TABLE `craft_categorygroups_i18n` (
  `id` int(11) NOT NULL AUTO_INCREMENT,
  `groupId` int(11) NOT NULL,
  `locale` char(12) COLLATE utf8_unicode_ci NOT NULL,
  `urlFormat` text COLLATE utf8_unicode_ci,
  `nestedUrlFormat` text COLLATE utf8_unicode_ci,
  `dateCreated` datetime NOT NULL,
  `dateUpdated` datetime NOT NULL,
  `uid` char(36) COLLATE utf8_unicode_ci NOT NULL DEFAULT '0',
  PRIMARY KEY (`id`),
  UNIQUE KEY `craft_categorygroups_i18n_groupId_locale_unq_idx` (`groupId`,`locale`),
  KEY `craft_categorygroups_i18n_locale_fk` (`locale`)
) ENGINE=InnoDB DEFAULT CHARSET=utf8 COLLATE=utf8_unicode_ci;

DROP TABLE IF EXISTS `craft_content`;


--
-- Schema for table `craft_content`
--
CREATE TABLE `craft_content` (
  `id` int(11) NOT NULL AUTO_INCREMENT,
  `elementId` int(11) NOT NULL,
  `locale` char(12) COLLATE utf8_unicode_ci NOT NULL,
  `title` varchar(255) COLLATE utf8_unicode_ci DEFAULT NULL,
  `field_body` text COLLATE utf8_unicode_ci,
  `field_phoneNumber` text COLLATE utf8_unicode_ci,
  `field_approved` tinyint(1) unsigned NOT NULL DEFAULT '0',
  `field_jobTitle` text COLLATE utf8_unicode_ci,
  `field_bio` text COLLATE utf8_unicode_ci,
  `field_read` tinyint(1) unsigned NOT NULL DEFAULT '0',
  `field_defaultField` text COLLATE utf8_unicode_ci,
  `field_completedSurveys` text COLLATE utf8_unicode_ci,
  `dateCreated` datetime NOT NULL,
  `dateUpdated` datetime NOT NULL,
  `uid` char(36) COLLATE utf8_unicode_ci NOT NULL DEFAULT '0',
  PRIMARY KEY (`id`),
  UNIQUE KEY `craft_content_elementId_locale_unq_idx` (`elementId`,`locale`),
  KEY `craft_content_title_idx` (`title`),
  KEY `craft_content_locale_fk` (`locale`)
) ENGINE=InnoDB AUTO_INCREMENT=792 DEFAULT CHARSET=utf8 COLLATE=utf8_unicode_ci;

--
-- Data for table `craft_content`
--

INSERT INTO `craft_content` (`id`, `elementId`, `locale`, `title`, `field_body`, `field_phoneNumber`, `field_approved`, `field_jobTitle`, `field_bio`, `field_read`, `field_defaultField`, `field_completedSurveys`, `dateCreated`, `dateUpdated`, `uid`) VALUES
 ('1', '1', 'en_us', NULL, NULL, '4252718460', '0', 'Developer', 'Lorem ipsum dolor sit amet, consectetur adipiscing elit. Etiam accumsan lectus nibh, at vehicula nunc consectetur eu. Nullam at tellus fermentum, interdum arcu ut, tincidunt diam. Phasellus semper purus eleifend odio efficitur, vel rhoncus nibh consectetur. Sed porttitor dui id tellus condimentum dignissim. Morbi in consectetur nisl, nec porttitor erat. Donec et lacus vitae massa pellentesque pulvinar. Nullam finibus vehicula nibh a imperdiet. Pellentesque ac suscipit massa. Nulla facilisi.', '0', NULL, NULL, '2016-02-05 02:57:27', '2016-03-22 21:01:31', '4deb1ed6-d21a-4d59-b326-aaa844d35b04'),
 ('2', '2', 'en_us', 'Welcome to Test.partneur.dr2dev.com!', '<p>It’s true, this site doesn’t have a whole lot of content yet, but don’t worry. Our web developers have just installed the CMS, and they’re setting things up for the content editors this very moment. Soon Test.partneur.dr2dev.com will be an oasis of fresh perspectives, sharp analyses, and astute opinions that will keep you coming back again and again.</p>', NULL, '0', NULL, NULL, '0', NULL, NULL, '2016-02-05 02:57:28', '2016-02-05 02:57:28', '82abc260-7814-44c3-a598-0de7ce983f91'),
 ('3', '3', 'en_us', 'We just installed Craft!', '<p>Craft is the CMS that’s powering Test.partneur.dr2dev.com. It’s beautiful, powerful, flexible, and easy-to-use, and it’s made by Pixel &amp; Tonic. We can’t wait to dive in and see what it’s capable of!</p><!--pagebreak--><p>This is even more captivating content, which you couldn’t see on the News index page because it was entered after a Page Break, and the News index template only likes to show the content on the first page.</p><p>Craft: a nice alternative to Word, if you’re making a website.</p>', NULL, '0', NULL, NULL, '0', NULL, NULL, '2016-02-05 02:57:28', '2016-02-05 02:57:28', '18f1900d-0c7c-41dd-b3db-670a7c7bff17'),
 ('4', '4', 'en_us', NULL, NULL, '2066012264', '0', 'Chief Programmer / Developer', 'Mike Cramblett is a programmer, database developer and Google Adwords specialist. He graduated from Harvey Mudd College with a BS in Computer Science in ’02, where he had the distinct honor of being the senior commencement speaker at graduation. He told his fellow classmates to follow their dreams and pursue their passions.\r\nBetween ’05 and ’14 he was the sole proprietor of an Adwords business focused on affiliate marketing that had a total budget of half a million dollars and received over six million clicks. He wrote a suite of custom software tools to automate the discovery of new keywords and to manage the day to day operations. Mike is also a standup comedian in his spare time.', '0', NULL, NULL, '2016-02-05 02:59:25', '2016-03-22 20:30:51', '654578a0-ddc4-4d8a-b2b2-612b4e0825fb'),
 ('5', '5', 'en_us', 'This is a test', '<p>I am a test news update created by an <strong>admin</strong> to talk to the <em>userbase</em>.</p>', NULL, '0', NULL, NULL, '0', NULL, NULL, '2016-02-09 00:24:16', '2016-04-10 00:52:31', '5f196908-7c1f-4606-8b19-f02256a692ef'),
 ('6', '10', 'en_us', 'Technical Documentation', NULL, NULL, '1', NULL, NULL, '0', NULL, NULL, '2016-02-25 23:54:14', '2016-03-18 21:44:25', 'e5d24ef3-0dc2-4983-8f38-9fbfdff1a06f'),
 ('7', '12', 'en_us', 'mySQL', NULL, NULL, '1', NULL, NULL, '0', NULL, NULL, '2016-02-26 00:07:02', '2016-03-18 21:44:12', 'ceca2277-011e-4c9a-b5be-9fe4346f46ba'),
 ('16', '22', 'en_us', 'Javascript', NULL, NULL, '1', NULL, NULL, '0', NULL, NULL, '2016-03-02 03:29:52', '2016-03-18 21:44:02', '9f6e15a7-360a-420d-ae6c-a2acd3659b4e'),
 ('17', '28', 'en_us', 'PHP', NULL, NULL, '1', NULL, NULL, '0', NULL, NULL, '2016-03-03 23:04:53', '2016-03-18 21:43:48', 'eacee7d9-95bc-4a3d-809e-9bd857c32170'),
 ('18', '29', 'en_us', 'Hello Dave', '<p>This is a test message.</p>', NULL, '0', NULL, NULL, '1', NULL, NULL, '2016-03-04 01:55:09', '2016-03-17 07:07:07', '26daca9f-e768-4443-a926-c89039d0d18c'),
 ('22', '33', 'en_us', 'Test 2', '<p>This is a test of sending a message to yourself.</p>', NULL, '0', NULL, NULL, '0', NULL, NULL, '2016-03-08 00:11:03', '2016-03-08 00:11:03', 'ba58ec9a-8d5e-411f-a00f-06048c07b404'),
 ('742', '790', 'en_us', 'node.js', NULL, NULL, '1', NULL, NULL, '0', NULL, NULL, '2016-03-12 03:50:35', '2016-03-18 21:43:38', '794ec70d-5aac-4131-90b6-5e105327fad8'),
 ('743', '799', 'en_us', 'jQuery', NULL, NULL, '1', NULL, NULL, '0', NULL, NULL, '2016-03-12 15:22:22', '2016-03-18 21:43:26', '6ef25e74-5065-43ad-87d2-542d94b7b2e8'),
 ('744', '806', 'en_us', 'Troubleshooting and Debugging', NULL, NULL, '1', NULL, NULL, '0', NULL, NULL, '2016-03-12 15:25:43', '2016-03-18 21:43:15', 'd7ce1e19-ecf3-4581-b76a-495e80b4d262'),
 ('745', '809', 'en_us', 'User Interface Design', NULL, NULL, '1', NULL, NULL, '0', NULL, NULL, '2016-03-12 15:26:21', '2016-03-18 21:36:05', '66e13fa5-3309-48ce-90e6-ced46962a384'),
 ('746', '816', 'en_us', 'a new message', '<p>self referential to check the unread counter</p>', NULL, '0', NULL, NULL, '1', NULL, NULL, '2016-03-13 18:26:47', '2016-03-22 22:46:05', 'bfd3f967-e75f-4a32-8e08-c8a3854a3c21'),
 ('747', '817', 'en_us', NULL, NULL, '3602018283', '0', 'Digital Media Designer', 'Jordan is a multifaceted graphic, web and motion graphics designer from the Pacific Northwest, USA. ', '0', NULL, NULL, '2016-03-14 01:21:55', '2016-03-26 19:40:16', '59d61173-b7a1-4064-b97b-7ee8d35cd278'),
 ('748', '818', 'en_us', NULL, NULL, '', '0', '', '', '0', NULL, NULL, '2016-03-15 17:10:28', '2016-03-21 18:35:17', 'd261b8bb-348f-4489-8174-77c897136763'),
 ('749', '821', 'en_us', 'Craft CMS Developer', NULL, NULL, '1', NULL, NULL, '0', NULL, NULL, '2016-03-17 06:12:05', '2016-03-18 21:42:44', '035dbf29-5655-4cd9-ab61-07584c74159b'),
 ('752', '826', 'en_us', 'RE: a new message', '<p>a real reply... maybe</p>', NULL, '0', NULL, NULL, '1', NULL, NULL, '2016-03-17 07:37:25', '2016-04-10 00:19:38', 'b4bfbaf8-3263-4c66-b092-b29618c45995'),
 ('754', '828', 'en_us', 'how it works', '<p>Test content for how it works page. and yes you can do <strong>fancy</strong> <a href=\"http://reddit.com/r/reactiongifs\" target=\"_blank\">formatting</a> here</p>', NULL, '0', NULL, NULL, '0', NULL, NULL, '2016-03-17 09:32:00', '2016-03-17 09:33:40', 'c2628d89-603d-4e67-94b3-d40a6d95e569'),
 ('755', '831', 'en_us', 'C++', NULL, NULL, '1', NULL, NULL, '0', NULL, NULL, '2016-03-18 21:38:15', '2016-03-18 21:38:23', 'd451cf44-bd3c-4ac4-a102-29daca422645'),
 ('756', '832', 'en_us', 'Perl', NULL, NULL, '1', NULL, NULL, '0', NULL, NULL, '2016-03-18 21:38:33', '2016-03-18 21:41:44', '13a538e1-6bff-49ba-a526-1193bf772843'),
 ('757', '833', 'en_us', 'Wordpress', NULL, NULL, '1', NULL, NULL, '0', NULL, NULL, '2016-03-18 21:38:43', '2016-03-18 21:41:54', '5c30050a-ac94-4bfc-ba20-abcd1e384a97'),
 ('758', '834', 'en_us', 'Drupal', NULL, NULL, '1', NULL, NULL, '0', NULL, NULL, '2016-03-18 21:38:50', '2016-03-18 21:41:36', '50464179-9678-4c69-b246-96b7c3d73432'),
 ('759', '835', 'en_us', 'Data Mining', NULL, NULL, '1', NULL, NULL, '0', NULL, NULL, '2016-03-18 21:39:13', '2016-03-18 21:41:27', 'b77ff930-564b-438c-b7cc-f5bbff59d7cb'),
 ('760', '836', 'en_us', 'Google Adwords', NULL, NULL, '1', NULL, NULL, '0', NULL, NULL, '2016-03-18 21:39:23', '2016-03-18 21:41:09', '9b78cd75-9a9c-45db-958f-c96d28bae0d8'),
 ('761', '839', 'en_us', 'Stand Up Comedy', NULL, NULL, '1', NULL, NULL, '0', NULL, NULL, '2016-03-18 21:46:19', '2016-03-18 21:46:19', '67cc5e50-1348-473c-96a4-1f140eca29ef'),
 ('765', '851', 'en_us', NULL, NULL, '4124180460', '0', 'Engineer', 'I like things that fly.', '0', NULL, '[{\"col1\":\"890\"},{\"col1\":\"889\"},{\"col1\":\"890\"},{\"col1\":\"890\"},{\"col1\":\"889\"}]', '2016-03-20 19:21:16', '2016-03-23 00:43:43', '71bda666-0e89-4026-994f-3015f3f64e6f'),
 ('766', '876', 'en_us', 'just testing things', 'just testing things', NULL, '0', NULL, NULL, '0', NULL, NULL, '2016-03-20 22:52:57', '2016-03-20 22:52:57', '1829f160-2d1b-4f77-bb67-7a3cb0c08c8a'),
 ('767', '877', 'en_us', NULL, NULL, '', '0', 'Engineer', '', '0', NULL, NULL, '2016-03-20 23:01:41', '2016-03-23 01:57:44', '47e1db8d-3f46-44cf-98ab-a261102c26ff'),
 ('768', '880', 'en_us', NULL, NULL, '4124650051', '0', 'engineer', '', '0', NULL, NULL, '2016-03-20 23:09:06', '2016-03-21 18:34:45', 'a1fa3aa9-d728-4aaa-9a8b-25726df91613'),
 ('769', '885', 'en_us', 'stuff', NULL, NULL, '1', NULL, NULL, '0', NULL, NULL, '2016-03-20 23:11:58', '2016-03-20 23:11:58', '73bb4e92-e331-4521-93e2-3554b81e79d2'),
 ('770', '888', 'en_us', 'test', 'test', NULL, '0', NULL, NULL, '1', NULL, NULL, '2016-03-20 23:16:31', '2016-03-20 23:17:46', '252786cf-2caf-497b-9230-061aa6e1e670'),
 ('771', '905', 'en_us', NULL, NULL, '3603039192', '0', 'Evil Mastermind', 'Interests include global domination, maniacle laughter, re-animation of the dead, puppies. ', '0', NULL, '[{\"col1\":\"889\"}]', '2016-03-22 22:19:48', '2016-04-10 19:06:11', 'c6d4c01c-f632-4e4e-81fb-6ebef225d586'),
 ('774', '911', 'en_us', 'Rocking and Rolling', NULL, NULL, '1', NULL, NULL, '0', NULL, NULL, '2016-03-22 23:42:40', '2016-03-22 23:42:40', '55534df4-ca2a-4770-9b8a-ae6ca59bb5f3'),
 ('775', '912', 'en_us', 'Rick Rolling', NULL, NULL, '1', NULL, NULL, '0', NULL, NULL, '2016-03-22 23:42:40', '2016-03-22 23:42:40', 'eee40b17-5164-444a-b607-625020067810'),
 ('776', '913', 'en_us', 'Rolling in general', NULL, NULL, '1', NULL, NULL, '0', NULL, NULL, '2016-03-22 23:42:40', '2016-03-22 23:42:40', '8b11a0ce-4dd1-4751-9fd1-ae54e381846d'),
 ('777', '914', 'en_us', 'Plotting and Scheming ', NULL, NULL, '1', NULL, NULL, '0', NULL, NULL, '2016-03-22 23:42:40', '2016-03-22 23:42:40', 'ceef36e0-a170-41c1-b8e0-50e47e66dca3'),
 ('778', '915', 'en_us', 'Believing in myself', NULL, NULL, '1', NULL, NULL, '0', NULL, NULL, '2016-03-22 23:42:40', '2016-03-22 23:42:40', '8d881542-7085-4c4d-abf5-331bbf7405f0'),
 ('779', '916', 'en_us', 'Training minions ', NULL, NULL, '1', NULL, NULL, '0', NULL, NULL, '2016-03-22 23:42:40', '2016-03-22 23:42:40', 'e717a106-ca57-4016-afd1-4e6c7bbb1852'),
 ('780', '921', 'en_us', NULL, NULL, '7143307380', '0', 'Manager', '', '0', NULL, NULL, '2016-03-23 00:37:59', '2016-03-23 00:41:27', 'ebf31175-a29d-401a-9461-0549035f1935'),
 ('781', '922', 'en_us', NULL, NULL, '', '0', 'King Kong ain\'t got nothing on me!', '-Superman', '0', NULL, '[{\"col1\":\"890\"}]', '2016-03-23 00:39:38', '2016-03-23 00:49:30', '0559fcb7-5ce8-44cd-ba5e-c1fab891f3f0'),
 ('782', '925', 'en_us', 'Slamming Chicks', NULL, NULL, '1', NULL, NULL, '0', NULL, NULL, '2016-03-23 00:41:36', '2016-03-23 00:41:36', '7a5f6a3d-235b-4c3e-a854-257bb01d5c0c'),
 ('783', '926', 'en_us', 'slamming Bitches', NULL, NULL, '1', NULL, NULL, '0', NULL, NULL, '2016-03-23 00:41:36', '2016-03-23 00:41:36', '53c35fd0-703a-4f36-86ff-65b97e56f8c5'),
 ('784', '932', 'en_us', 'yo i can see you because we made all users visible', 'else (nah)', NULL, '0', NULL, NULL, '1', NULL, NULL, '2016-03-23 00:48:47', '2016-03-23 00:49:21', '1b0a6bec-c3b9-4597-a189-ef7ea52631e8'),
 ('785', '933', 'en_us', 'RE: yo i can see you because we made all users visible', 'Got your message.', NULL, '0', NULL, NULL, '1', NULL, NULL, '2016-03-23 00:49:28', '2016-03-23 00:49:39', '26db8730-a435-4e4b-8e74-f255eca21ec5'),
 ('786', '934', 'en_us', 'Sucka', 'my balls', NULL, '0', NULL, NULL, '0', NULL, NULL, '2016-03-23 00:50:04', '2016-03-23 00:50:04', '48e2b069-bd1b-445e-8dec-9ebe1ea1e5e6'),
 ('787', '939', 'en_us', 'Masterminding ', NULL, NULL, '1', NULL, NULL, '0', NULL, NULL, '2016-03-25 03:02:31', '2016-03-25 03:02:31', '4083e683-8333-4028-92d7-d9a38092cd97'),
 ('788', '943', 'en_us', 'design', NULL, NULL, '1', NULL, NULL, '0', NULL, NULL, '2016-03-26 19:39:13', '2016-03-26 19:39:13', '51e02ed8-7c3a-4528-89b8-9c72c1779b52'),
 ('789', '944', 'en_us', 'graphic arts', NULL, NULL, '1', NULL, NULL, '0', NULL, NULL, '2016-03-26 19:39:13', '2016-03-26 19:39:13', '79574910-2775-40be-8e4f-0d1c8385f7e2'),
 ('790', '945', 'en_us', 'User Interface Design', NULL, NULL, '1', NULL, NULL, '0', NULL, NULL, '2016-03-26 19:39:13', '2016-03-26 19:39:13', 'bd54f291-a01e-443b-a5d1-87007d73c7f0'),
 ('791', '946', 'en_us', 'UX design', NULL, NULL, '1', NULL, NULL, '0', NULL, NULL, '2016-03-26 19:39:13', '2016-03-26 19:39:13', 'bf8ab2c4-b406-44f0-ae43-a9d6f9008911');



DROP TABLE IF EXISTS `craft_deprecationerrors`;


--
-- Schema for table `craft_deprecationerrors`
--
CREATE TABLE `craft_deprecationerrors` (
  `id` int(11) NOT NULL AUTO_INCREMENT,
  `key` varchar(255) COLLATE utf8_unicode_ci NOT NULL,
  `fingerprint` varchar(255) COLLATE utf8_unicode_ci NOT NULL,
  `lastOccurrence` datetime NOT NULL,
  `file` varchar(255) COLLATE utf8_unicode_ci NOT NULL,
  `line` smallint(6) unsigned NOT NULL,
  `class` varchar(255) COLLATE utf8_unicode_ci DEFAULT NULL,
  `method` varchar(255) COLLATE utf8_unicode_ci DEFAULT NULL,
  `template` varchar(255) COLLATE utf8_unicode_ci DEFAULT NULL,
  `templateLine` smallint(6) unsigned DEFAULT NULL,
  `message` varchar(255) COLLATE utf8_unicode_ci DEFAULT NULL,
  `traces` text COLLATE utf8_unicode_ci,
  `dateCreated` datetime NOT NULL,
  `dateUpdated` datetime NOT NULL,
  `uid` char(36) COLLATE utf8_unicode_ci NOT NULL DEFAULT '0',
  PRIMARY KEY (`id`),
  UNIQUE KEY `craft_deprecationerrors_key_fingerprint_unq_idx` (`key`,`fingerprint`)
) ENGINE=InnoDB DEFAULT CHARSET=utf8 COLLATE=utf8_unicode_ci;

DROP TABLE IF EXISTS `craft_elementindexsettings`;


--
-- Schema for table `craft_elementindexsettings`
--
CREATE TABLE `craft_elementindexsettings` (
  `id` int(11) NOT NULL AUTO_INCREMENT,
  `type` varchar(150) COLLATE utf8_unicode_ci NOT NULL,
  `settings` text COLLATE utf8_unicode_ci,
  `dateCreated` datetime NOT NULL,
  `dateUpdated` datetime NOT NULL,
  `uid` char(36) COLLATE utf8_unicode_ci NOT NULL DEFAULT '0',
  PRIMARY KEY (`id`),
  UNIQUE KEY `craft_elementindexsettings_type_unq_idx` (`type`)
) ENGINE=InnoDB AUTO_INCREMENT=2 DEFAULT CHARSET=utf8 COLLATE=utf8_unicode_ci;

--
-- Data for table `craft_elementindexsettings`
--

INSERT INTO `craft_elementindexsettings` (`id`, `type`, `settings`, `dateCreated`, `dateUpdated`, `uid`) VALUES
 ('1', 'Entry', '{\"sources\":{\"section:3\":{\"tableAttributes\":{\"1\":\"link\",\"2\":\"field:14\"}}}}', '2016-03-02 19:27:52', '2016-03-02 19:27:52', '9133c3ed-6021-43ec-bba2-96aa359344cc');



DROP TABLE IF EXISTS `craft_elements`;


--
-- Schema for table `craft_elements`
--
CREATE TABLE `craft_elements` (
  `id` int(11) NOT NULL AUTO_INCREMENT,
  `type` varchar(150) COLLATE utf8_unicode_ci NOT NULL,
  `enabled` tinyint(1) unsigned NOT NULL DEFAULT '1',
  `archived` tinyint(1) unsigned NOT NULL DEFAULT '0',
  `dateCreated` datetime NOT NULL,
  `dateUpdated` datetime NOT NULL,
  `uid` char(36) COLLATE utf8_unicode_ci NOT NULL DEFAULT '0',
  PRIMARY KEY (`id`),
  KEY `craft_elements_type_idx` (`type`),
  KEY `craft_elements_enabled_idx` (`enabled`),
  KEY `craft_elements_archived_dateCreated_idx` (`archived`,`dateCreated`)
) ENGINE=InnoDB AUTO_INCREMENT=949 DEFAULT CHARSET=utf8 COLLATE=utf8_unicode_ci;

--
-- Data for table `craft_elements`
--

INSERT INTO `craft_elements` (`id`, `type`, `enabled`, `archived`, `dateCreated`, `dateUpdated`, `uid`) VALUES
 ('1', 'User', '1', '0', '2016-02-05 02:57:27', '2016-03-22 21:01:31', 'c83d8e1e-6f10-4356-bbdf-34428e6a3e80'),
 ('2', 'Entry', '1', '0', '2016-02-05 02:57:28', '2016-02-05 02:57:28', '911e8ef9-fe9b-49cf-8a44-f0f7af6ca6b5'),
 ('3', 'Entry', '1', '0', '2016-02-05 02:57:28', '2016-02-05 02:57:28', '297240e5-f46a-48aa-b0cf-abd3de56f68a'),
 ('4', 'User', '1', '0', '2016-02-05 02:59:25', '2016-03-22 20:30:51', 'e65005d7-dd73-4138-a19f-4c342817dffa'),
 ('5', 'Entry', '1', '0', '2016-02-09 00:24:16', '2016-04-10 00:52:31', '6b9fd24f-164f-4032-9835-10ce9291f90c'),
 ('6', 'SproutForms_Form', '1', '0', '2016-02-16 23:55:07', '2016-02-16 23:55:07', 'b7789f9f-7a74-4f47-be25-63290b37380c'),
 ('7', 'SproutForms_Form', '1', '0', '2016-02-16 23:55:07', '2016-02-16 23:55:07', '2e7d79db-bef0-4149-96f7-ccb964a902a6'),
 ('10', 'Entry', '1', '0', '2016-02-25 23:54:14', '2016-03-18 21:44:25', 'fd8c2f91-6da4-41c8-a52f-a48b59d44600'),
 ('12', 'Entry', '1', '0', '2016-02-26 00:07:02', '2016-03-18 21:44:12', 'a41414a4-b1ee-4d81-9a74-270aa44a6698'),
 ('22', 'Entry', '1', '0', '2016-03-02 03:29:52', '2016-03-18 21:44:02', 'bbf0a9dc-2d70-41fa-8d95-482dfe1135a8'),
 ('28', 'Entry', '1', '0', '2016-03-03 23:04:53', '2016-03-18 21:43:48', '54512c2d-7b6a-4cbd-a73f-eb0f74829cce'),
 ('29', 'Entry', '1', '0', '2016-03-04 01:55:09', '2016-03-17 07:07:07', '352fc0af-73b9-4b9e-865f-4ccd88ceba26'),
 ('33', 'Entry', '1', '0', '2016-03-08 00:11:03', '2016-03-08 00:11:03', '5eb6b8c0-c5c0-4bbd-91bc-02a0e1169998'),
 ('790', 'Entry', '1', '0', '2016-03-12 03:50:35', '2016-03-18 21:43:38', '93ae03fe-e131-43cf-b866-0b3bc3a688dd'),
 ('799', 'Entry', '1', '0', '2016-03-12 15:22:22', '2016-03-18 21:43:26', '119ac1e4-6238-4581-b9d1-fc0de26f52f0'),
 ('806', 'Entry', '1', '0', '2016-03-12 15:25:43', '2016-03-18 21:43:15', '15219b52-ecac-45c0-860f-6d6ec5906ffe'),
 ('809', 'Entry', '1', '0', '2016-03-12 15:26:21', '2016-03-18 21:36:05', 'c9dd7c66-5659-46d2-930d-267b5d0e9901'),
 ('816', 'Entry', '1', '0', '2016-03-13 18:26:47', '2016-03-22 22:46:05', '5d483359-570f-4896-824f-4b4751b52cae'),
 ('817', 'User', '1', '0', '2016-03-14 01:21:54', '2016-03-26 19:40:16', 'c4a4e1db-5a9e-447d-a313-e6cbae7064bf'),
 ('818', 'User', '1', '0', '2016-03-15 17:10:28', '2016-03-21 18:35:17', 'c2b3f400-3971-48aa-8a0b-ba22bc7feb9a'),
 ('821', 'Entry', '1', '0', '2016-03-17 06:12:05', '2016-03-18 21:42:44', '6b80b33d-cd03-491c-a638-91f57921957c'),
 ('826', 'Entry', '1', '0', '2016-03-17 07:37:25', '2016-04-10 00:19:38', '24e5f52d-1450-4d85-a649-f2ab3e7fc27d'),
 ('828', 'Entry', '1', '0', '2016-03-17 09:32:00', '2016-03-17 09:33:40', 'ead9a704-6919-4652-be98-ac19819bc689'),
 ('831', 'Entry', '1', '0', '2016-03-18 21:38:15', '2016-03-18 21:38:23', '9399c4e7-fc91-448b-b0af-2929ec35da1c'),
 ('832', 'Entry', '1', '0', '2016-03-18 21:38:33', '2016-03-18 21:41:44', 'd3be5464-673f-434e-a28a-b983f88d0d9c'),
 ('833', 'Entry', '1', '0', '2016-03-18 21:38:43', '2016-03-18 21:41:54', '92bc4f3e-9e89-4501-8810-99fe176c4bb3'),
 ('834', 'Entry', '1', '0', '2016-03-18 21:38:50', '2016-03-18 21:41:36', '646a6f73-89b0-4837-8684-681c76f44a89'),
 ('835', 'Entry', '1', '0', '2016-03-18 21:39:13', '2016-03-18 21:41:27', 'cd9ac2ea-99a8-43d7-9b7e-45985f479ac9'),
 ('836', 'Entry', '1', '0', '2016-03-18 21:39:23', '2016-03-18 21:41:09', '0764f39f-42f2-4fdf-be03-153fe1c9d4c4'),
 ('839', 'Entry', '1', '0', '2016-03-18 21:46:19', '2016-03-18 21:46:19', 'a534ace2-33a1-416d-84ac-318b7fe8c45a'),
 ('846', 'MatrixBlock', '1', '0', '2016-03-19 21:49:58', '2016-03-22 20:30:51', '6620bae0-3c90-4ef6-b07c-64d04399145d'),
 ('847', 'MatrixBlock', '1', '0', '2016-03-19 21:49:58', '2016-03-22 20:30:51', '162cfaff-caef-41f9-aa62-6d4c199a1c99'),
 ('851', 'User', '1', '0', '2016-03-20 19:21:16', '2016-03-23 00:43:43', '28b7370d-2875-4e0e-8a4c-5221ae5b89b6'),
 ('852', 'MatrixBlock', '1', '0', '2016-03-20 19:27:33', '2016-03-22 21:01:31', '4c1d2653-56d3-4648-b80a-f346b49409a6'),
 ('853', 'MatrixBlock', '1', '0', '2016-03-20 19:27:33', '2016-03-22 21:01:31', 'a1ae96d5-f8d2-44c2-bfd7-3a157cc4c023'),
 ('874', 'MatrixBlock', '1', '0', '2016-03-20 19:50:06', '2016-03-22 20:30:14', 'b5fdc3f0-e8d4-4a6d-befd-525b92c47d8f'),
 ('875', 'MatrixBlock', '1', '0', '2016-03-20 19:50:06', '2016-03-22 20:30:14', 'effc69b7-8ab0-4ea0-ab38-204166d90d17'),
 ('876', 'Entry', '1', '0', '2016-03-20 22:52:57', '2016-03-20 22:52:57', 'd6a90b2e-937c-4c78-96fa-37582133a965'),
 ('877', 'User', '1', '0', '2016-03-20 23:01:41', '2016-03-23 01:57:44', 'fecc2ec3-2017-41f9-967f-70780ee2333b'),
 ('880', 'User', '1', '0', '2016-03-20 23:09:06', '2016-03-21 18:34:45', '791617e2-ce32-480d-ae48-cb7ad86289c5'),
 ('885', 'Entry', '1', '0', '2016-03-20 23:11:58', '2016-03-20 23:11:58', '2288201e-9667-498c-9930-a344b6e7fedf'),
 ('886', 'MatrixBlock', '1', '0', '2016-03-20 23:11:58', '2016-03-21 18:34:45', '5b4a0a3e-1e34-48fe-928e-29f3012b8b91'),
 ('887', 'MatrixBlock', '1', '0', '2016-03-20 23:11:58', '2016-03-21 18:34:45', '4b4b29ae-22f6-4779-8538-0f297a70e107'),
 ('888', 'Entry', '1', '0', '2016-03-20 23:16:31', '2016-03-20 23:17:46', '310bc96a-ccdc-4a2d-a7b4-8863f63329ae'),
 ('889', 'SproutForms_Form', '1', '0', '2016-03-21 18:23:48', '2016-03-22 20:57:30', 'bf6719bc-f140-42bf-95fe-a018402702e5'),
 ('890', 'SproutForms_Form', '1', '0', '2016-03-21 18:47:31', '2016-03-22 20:50:08', '3dd9b3a7-4fce-4fcb-bdb6-b606ca87e624'),
 ('905', 'User', '1', '0', '2016-03-22 22:19:48', '2016-04-10 19:06:11', '7341805a-b43d-4eb3-9a76-4756b37ab913'),
 ('906', 'SproutForms_Entry', '1', '0', '2016-03-22 22:34:00', '2016-03-22 22:34:00', '4975913e-7807-4389-a402-82f966500618'),
 ('907', 'SproutForms_Entry', '1', '0', '2016-03-22 22:35:35', '2016-03-22 22:35:35', 'b8b9d50d-38f3-46ac-95c3-d12b99fd3a9b'),
 ('908', 'SproutForms_Entry', '1', '0', '2016-03-22 22:35:41', '2016-03-22 22:35:41', '6dd8a4f7-a0fc-4614-89ac-35df5001ec99'),
 ('911', 'Entry', '1', '0', '2016-03-22 23:42:40', '2016-03-22 23:42:40', 'fd0bc08f-08a1-455a-a509-751e6c6e353e'),
 ('912', 'Entry', '1', '0', '2016-03-22 23:42:40', '2016-03-22 23:42:40', 'e06fc8f4-6551-43b8-aca1-d54a30b0f8a9'),
 ('913', 'Entry', '1', '0', '2016-03-22 23:42:40', '2016-03-22 23:42:40', 'c9eb567e-3038-4279-99aa-5f13bb32496f'),
 ('914', 'Entry', '1', '0', '2016-03-22 23:42:40', '2016-03-22 23:42:40', 'd950ef1d-a8b8-4321-94ae-f0b8faea3ccb'),
 ('915', 'Entry', '1', '0', '2016-03-22 23:42:40', '2016-03-22 23:42:40', 'c03e2407-d6d6-429a-b8e8-733a4a49442c'),
 ('916', 'Entry', '1', '0', '2016-03-22 23:42:40', '2016-03-22 23:42:40', '582d64aa-b6ba-458a-846c-8009210819e2'),
 ('921', 'User', '1', '0', '2016-03-23 00:37:59', '2016-03-23 00:41:27', 'ab4a3a20-002f-4f3d-b38f-7f200f72c048'),
 ('922', 'User', '1', '0', '2016-03-23 00:39:38', '2016-03-23 00:49:30', 'b25a1f1b-6a68-45a5-9e7c-ed27216cc816'),
 ('923', 'MatrixBlock', '1', '0', '2016-03-23 00:41:27', '2016-03-23 00:41:27', 'a28636c7-84b1-443d-baea-edc1b3d46f26'),
 ('924', 'MatrixBlock', '1', '0', '2016-03-23 00:41:27', '2016-03-23 00:41:27', '5f5ffcb4-1eb4-44a8-9b2f-c64f869878a7'),
 ('925', 'Entry', '1', '0', '2016-03-23 00:41:36', '2016-03-23 00:41:36', '71c0c061-f7c6-4cf4-8aa5-b112d8e2be7e'),
 ('926', 'Entry', '1', '0', '2016-03-23 00:41:36', '2016-03-23 00:41:36', '7b3644e0-c9ba-4dd8-9dc5-38ee784b7561'),
 ('927', 'MatrixBlock', '1', '0', '2016-03-23 00:41:36', '2016-03-23 00:41:36', 'a19ae7a8-7e91-4f6e-ae04-7572b5c230b4'),
 ('928', 'MatrixBlock', '1', '0', '2016-03-23 00:41:36', '2016-03-23 00:41:36', '629c6197-8c07-4f43-92f0-9d5e5f8597fc'),
 ('929', 'SproutForms_Entry', '1', '0', '2016-03-23 00:41:58', '2016-03-23 00:41:58', '488abf8d-fad7-4867-b72e-06c14a164f2f'),
 ('930', 'SproutForms_Entry', '1', '0', '2016-03-23 00:43:20', '2016-03-23 00:43:20', 'eb3a0bae-3b60-4212-9f13-d07c02d577cf'),
 ('931', 'SproutForms_Entry', '1', '0', '2016-03-23 00:43:42', '2016-03-23 00:43:42', 'd26575e9-fe90-43c5-a244-86deb7b5dd47'),
 ('932', 'Entry', '1', '0', '2016-03-23 00:48:47', '2016-03-23 00:49:21', '3196c633-8020-42bc-a673-2e2e64c93d07'),
 ('933', 'Entry', '1', '0', '2016-03-23 00:49:28', '2016-03-23 00:49:39', 'aaca1921-119e-486c-9e74-2953805cdd7b'),
 ('934', 'Entry', '1', '0', '2016-03-23 00:50:04', '2016-03-23 00:50:04', '89821776-46ce-4db8-9fd5-3236dd2c0c31'),
 ('937', 'MatrixBlock', '1', '0', '2016-03-23 01:57:44', '2016-03-23 01:57:44', 'e8c209ff-fcb9-473a-ad70-0fcdc4c7cf3a'),
 ('938', 'MatrixBlock', '1', '0', '2016-03-23 01:57:45', '2016-03-23 01:57:45', 'caf56456-d2b7-4533-b0e8-1bdee258990a'),
 ('939', 'Entry', '1', '0', '2016-03-25 03:02:31', '2016-03-25 03:02:31', 'de3ee3ec-c306-474f-8200-8de33cc5dde6'),
 ('940', 'MatrixBlock', '1', '0', '2016-03-25 03:02:32', '2016-04-10 19:06:11', 'a8943323-c0a9-4dba-b008-bc7d78ba6f7d'),
 ('941', 'MatrixBlock', '1', '0', '2016-03-25 03:02:32', '2016-04-10 19:06:11', '44938350-8747-41d4-9654-ad1ab953b410'),
 ('942', 'SproutForms_Entry', '1', '0', '2016-03-25 03:02:55', '2016-03-25 03:02:55', '6c8f51f6-19df-404c-8ef1-0e1ef0858d74'),
 ('943', 'Entry', '1', '0', '2016-03-26 19:39:13', '2016-03-26 19:39:13', 'f466f8c0-5969-4580-82c1-316ac4a0608e'),
 ('944', 'Entry', '1', '0', '2016-03-26 19:39:13', '2016-03-26 19:39:13', '86bc678d-81c6-41cb-a515-852f89e2eac4'),
 ('945', 'Entry', '1', '0', '2016-03-26 19:39:13', '2016-03-26 19:39:13', 'de476846-3bb6-4959-a760-071bf169e9cb'),
 ('946', 'Entry', '1', '0', '2016-03-26 19:39:13', '2016-03-26 19:39:13', 'f7f4cd35-346b-42a9-bc1c-fdd4bf73aa57'),
 ('947', 'MatrixBlock', '1', '0', '2016-03-26 19:39:13', '2016-03-26 19:39:13', 'ed2f30d0-5728-48b2-a70b-a62e3df5b94a'),
 ('948', 'MatrixBlock', '1', '0', '2016-03-26 19:39:13', '2016-03-26 19:39:13', '5b037a60-92fc-42f7-84eb-ed57ef1c215c');



DROP TABLE IF EXISTS `craft_elements_i18n`;


--
-- Schema for table `craft_elements_i18n`
--
CREATE TABLE `craft_elements_i18n` (
  `id` int(11) NOT NULL AUTO_INCREMENT,
  `elementId` int(11) NOT NULL,
  `locale` char(12) COLLATE utf8_unicode_ci NOT NULL,
  `slug` varchar(255) COLLATE utf8_unicode_ci DEFAULT NULL,
  `uri` varchar(255) COLLATE utf8_unicode_ci DEFAULT NULL,
  `enabled` tinyint(1) unsigned NOT NULL DEFAULT '1',
  `dateCreated` datetime NOT NULL,
  `dateUpdated` datetime NOT NULL,
  `uid` char(36) COLLATE utf8_unicode_ci NOT NULL DEFAULT '0',
  PRIMARY KEY (`id`),
  UNIQUE KEY `craft_elements_i18n_elementId_locale_unq_idx` (`elementId`,`locale`),
  UNIQUE KEY `craft_elements_i18n_uri_locale_unq_idx` (`uri`,`locale`),
  KEY `craft_elements_i18n_slug_locale_idx` (`slug`,`locale`),
  KEY `craft_elements_i18n_enabled_idx` (`enabled`),
  KEY `craft_elements_i18n_locale_fk` (`locale`)
) ENGINE=InnoDB AUTO_INCREMENT=947 DEFAULT CHARSET=utf8 COLLATE=utf8_unicode_ci;

--
-- Data for table `craft_elements_i18n`
--

INSERT INTO `craft_elements_i18n` (`id`, `elementId`, `locale`, `slug`, `uri`, `enabled`, `dateCreated`, `dateUpdated`, `uid`) VALUES
 ('1', '1', 'en_us', '', NULL, '1', '2016-02-05 02:57:27', '2016-03-22 21:01:31', 'd131862c-47f6-406d-90ad-46aa65f0412c'),
 ('2', '2', 'en_us', 'homepage', '__home__', '1', '2016-02-05 02:57:28', '2016-02-05 02:57:28', 'c5e30cfb-6779-47b1-b4da-6718ba6d201d'),
 ('3', '3', 'en_us', 'we-just-installed-craft', 'news/2016/we-just-installed-craft', '1', '2016-02-05 02:57:28', '2016-02-05 02:57:28', '16d0938f-b578-4a96-aa65-49fefbc154ba'),
 ('4', '4', 'en_us', '', NULL, '1', '2016-02-05 02:59:25', '2016-03-22 20:30:51', '9d9cd114-2fc3-41ae-9222-f1e6c69bdc2b'),
 ('5', '5', 'en_us', 'this-is-a-test', 'news/2016/this-is-a-test', '1', '2016-02-09 00:24:16', '2016-04-10 00:52:31', '398a1ced-8833-43f5-829c-923fdeaba7bb'),
 ('6', '6', 'en_us', '', NULL, '1', '2016-02-16 23:55:07', '2016-02-16 23:55:07', '3089e64a-a5d7-47a2-bbd1-5cfa0d0409f8'),
 ('7', '7', 'en_us', '', NULL, '1', '2016-02-16 23:55:07', '2016-02-16 23:55:07', 'aa89a968-b5f8-433d-a213-853f9d58cea0'),
 ('10', '10', 'en_us', 'technical-documentation', 'skills/technical-documentation', '1', '2016-02-25 23:54:14', '2016-03-18 21:44:25', 'ab266454-016c-491c-be41-6c569b48c597'),
 ('12', '12', 'en_us', 'mysql', 'skills/mysql', '1', '2016-02-26 00:07:02', '2016-03-18 21:44:12', '8c29f1f6-07a8-4559-b018-dff00e28e4b0'),
 ('22', '22', 'en_us', 'javascript', 'skills/javascript', '1', '2016-03-02 03:29:52', '2016-03-18 21:44:02', '044bb8a6-1dba-4e1b-b07a-659a33b00c31'),
 ('28', '28', 'en_us', 'php', 'skills/php', '1', '2016-03-03 23:04:53', '2016-03-18 21:43:48', 'e66a6965-8f48-45ef-bdaf-1167d2ceeceb'),
 ('29', '29', 'en_us', 'hello-dave', NULL, '1', '2016-03-04 01:55:09', '2016-03-17 07:07:07', '9204f085-cc59-424c-b09e-816d97803400'),
 ('33', '33', 'en_us', 'test-2', NULL, '1', '2016-03-08 00:11:03', '2016-03-08 00:11:03', '99fe5992-2e7f-4e32-b17d-1be7e0e768d3'),
 ('788', '790', 'en_us', 'node-js', 'skills/node-js', '1', '2016-03-12 03:50:35', '2016-03-18 21:43:38', '882de8ac-49d5-46bb-bb18-f3722ac92cbc'),
 ('797', '799', 'en_us', 'jquery', 'skills/jquery', '1', '2016-03-12 15:22:22', '2016-03-18 21:43:27', '3acad75b-a3c7-4cc3-a8bf-00cd170bf6c1'),
 ('804', '806', 'en_us', 'troubleshooting-and-debugging', 'skills/troubleshooting-and-debugging', '1', '2016-03-12 15:25:43', '2016-03-18 21:43:15', '1ab44816-15cb-4a00-a6cb-22d63abdebf2'),
 ('807', '809', 'en_us', 'user-interface-design', 'skills/user-interface-design', '1', '2016-03-12 15:26:21', '2016-03-18 21:36:05', 'eeeff06e-7870-489c-9123-361c84c14ed0'),
 ('814', '816', 'en_us', 'a-new-message', NULL, '1', '2016-03-13 18:26:47', '2016-03-22 22:46:05', '5fb2d13d-fb6d-4721-b2e7-f301cb5ed00c'),
 ('815', '817', 'en_us', '', NULL, '1', '2016-03-14 01:21:55', '2016-03-26 19:40:16', '0a6c268c-af2f-4974-b629-50a5b1f3e0f1'),
 ('816', '818', 'en_us', '', NULL, '1', '2016-03-15 17:10:28', '2016-03-21 18:35:17', 'f9d98293-5669-410c-82fa-ee5bc005728e'),
 ('819', '821', 'en_us', 'craft-cms-developer', 'skills/craft-cms-developer', '1', '2016-03-17 06:12:05', '2016-03-18 21:42:44', '9b72258e-62b2-4d91-90d8-558100f6b0dc'),
 ('824', '826', 'en_us', 're-a-new-message', NULL, '1', '2016-03-17 07:37:25', '2016-04-10 00:19:38', '49244ee2-a935-4776-94ce-c42f20277703'),
 ('826', '828', 'en_us', 'how-it-works', 'how-it-works', '1', '2016-03-17 09:32:00', '2016-03-17 09:33:40', 'f17d1329-57ed-490b-b7ea-e1c4c87d2d60'),
 ('829', '831', 'en_us', 'c', 'skills/c', '1', '2016-03-18 21:38:15', '2016-03-18 21:38:23', '2d4d399c-e37e-4da7-b6ba-fac5c72e1d08'),
 ('830', '832', 'en_us', 'perl', 'skills/perl', '1', '2016-03-18 21:38:33', '2016-03-18 21:41:44', '6ad31374-977b-4f25-ab5e-e93057f733af'),
 ('831', '833', 'en_us', 'wordpress', 'skills/wordpress', '1', '2016-03-18 21:38:43', '2016-03-18 21:41:54', '18c119dc-3b6b-479a-9dd6-653fe984bbd7'),
 ('832', '834', 'en_us', 'drupal', 'skills/drupal', '1', '2016-03-18 21:38:50', '2016-03-18 21:41:36', '5c007198-e9f9-4e5c-ad8d-51a0dad1442b'),
 ('833', '835', 'en_us', 'data-mining', 'skills/data-mining', '1', '2016-03-18 21:39:13', '2016-03-18 21:41:27', 'd8c1285c-2bf5-46a1-9846-d04a20ca091d'),
 ('834', '836', 'en_us', 'google-adwords', 'skills/google-adwords', '1', '2016-03-18 21:39:23', '2016-03-18 21:41:09', '02f7afc0-81a3-4d03-bdb8-f2c2fa6b1e28'),
 ('837', '839', 'en_us', 'stand-up-comedy', 'skills/stand-up-comedy', '1', '2016-03-18 21:46:19', '2016-03-18 21:46:19', '661821d7-b08d-4035-a280-a7273619f4f1'),
 ('844', '846', 'en_us', '', NULL, '1', '2016-03-19 21:49:58', '2016-03-22 20:30:51', '49609a48-e9e6-4815-bcd0-fb96afb87204'),
 ('845', '847', 'en_us', '', NULL, '1', '2016-03-19 21:49:58', '2016-03-22 20:30:51', '28f99576-6aa0-4687-9d82-5c276f8a8b55'),
 ('849', '851', 'en_us', '', NULL, '1', '2016-03-20 19:21:16', '2016-03-23 00:43:43', 'ea36bdbb-74ef-4094-bd82-aeb44ca47757'),
 ('850', '852', 'en_us', '', NULL, '1', '2016-03-20 19:27:33', '2016-03-22 21:01:31', 'a97ee38c-9a3b-47cc-99a8-1c0d892bd561'),
 ('851', '853', 'en_us', '', NULL, '1', '2016-03-20 19:27:33', '2016-03-22 21:01:31', 'bcdfb1b4-5e01-4fa2-983c-a768939b7c04'),
 ('872', '874', 'en_us', '', NULL, '1', '2016-03-20 19:50:06', '2016-03-22 20:30:14', 'aee81186-d62d-4655-930d-c9fe48ad4fe9'),
 ('873', '875', 'en_us', '', NULL, '1', '2016-03-20 19:50:06', '2016-03-22 20:30:14', 'e78b74c5-899e-4ce2-bc48-1a4dffc89e93'),
 ('874', '876', 'en_us', 'just-testing-things', NULL, '1', '2016-03-20 22:52:58', '2016-03-20 22:52:58', '9aaf303a-df5e-4f23-9198-99be6094013a'),
 ('875', '877', 'en_us', '', NULL, '1', '2016-03-20 23:01:41', '2016-03-23 01:57:44', 'f3f12f79-f464-4a17-b31b-8ff67f827ded'),
 ('878', '880', 'en_us', '', NULL, '1', '2016-03-20 23:09:06', '2016-03-21 18:34:45', '935744d1-3147-4e87-91ca-b879de52e81b'),
 ('883', '885', 'en_us', 'stuff', 'skills/stuff', '1', '2016-03-20 23:11:58', '2016-03-20 23:11:58', 'b771639e-5a3c-4798-b163-f4562d1e6852'),
 ('884', '886', 'en_us', '', NULL, '1', '2016-03-20 23:11:58', '2016-03-21 18:34:45', '45d1ded2-fe86-45b4-a1c9-a1f9d545290c'),
 ('885', '887', 'en_us', '', NULL, '1', '2016-03-20 23:11:58', '2016-03-21 18:34:45', 'a249b615-d12f-4a5e-9c53-026d9741ae86'),
 ('886', '888', 'en_us', 'test', NULL, '1', '2016-03-20 23:16:31', '2016-03-20 23:17:46', '8bd7f3cb-735c-4017-84f1-99ae8dfd3b91'),
 ('887', '889', 'en_us', '', NULL, '1', '2016-03-21 18:23:48', '2016-03-22 20:57:30', 'ac66a450-8828-452d-a44a-301e40ff55f0'),
 ('888', '890', 'en_us', '', NULL, '1', '2016-03-21 18:47:31', '2016-03-22 20:50:08', '179faf1a-a555-48d6-a3b9-3ce4f385763a'),
 ('903', '905', 'en_us', '', NULL, '1', '2016-03-22 22:19:48', '2016-04-10 19:06:11', 'aeed3364-1d54-4d9d-9d0b-82a62458e1c8'),
 ('904', '906', 'en_us', 'tue-22-mar-2016-223400', NULL, '1', '2016-03-22 22:34:00', '2016-03-22 22:34:00', '0b78862d-5cc2-4a2f-b3f6-dd3656817aa3'),
 ('905', '907', 'en_us', 'tue-22-mar-2016-223535', NULL, '1', '2016-03-22 22:35:35', '2016-03-22 22:35:35', 'dfc7f36a-f06e-4715-85cd-ebc491d5df42'),
 ('906', '908', 'en_us', 'tue-22-mar-2016-223541', NULL, '1', '2016-03-22 22:35:41', '2016-03-22 22:35:41', '07ce0692-cd82-4f27-97a5-8102aeed8271'),
 ('909', '911', 'en_us', 'rocking-and-rolling', 'skills/rocking-and-rolling', '1', '2016-03-22 23:42:40', '2016-03-22 23:42:40', '779de72d-2498-4649-8d43-0870d2bfdab2'),
 ('910', '912', 'en_us', 'rick-rolling', 'skills/rick-rolling', '1', '2016-03-22 23:42:40', '2016-03-22 23:42:40', '3f548e17-1885-44b1-b402-611939055078'),
 ('911', '913', 'en_us', 'rolling-in-general', 'skills/rolling-in-general', '1', '2016-03-22 23:42:40', '2016-03-22 23:42:40', '724285e4-1ab4-4652-a2fd-25fc25c6d174'),
 ('912', '914', 'en_us', 'plotting-and-scheming', 'skills/plotting-and-scheming', '1', '2016-03-22 23:42:40', '2016-03-22 23:42:40', '8a5b5476-1ae6-4bd5-a5cd-1a38ee873122'),
 ('913', '915', 'en_us', 'believing-in-myself', 'skills/believing-in-myself', '1', '2016-03-22 23:42:40', '2016-03-22 23:42:40', 'b93e193f-8865-426a-9d24-8508a4e4162f'),
 ('914', '916', 'en_us', 'training-minions', 'skills/training-minions', '1', '2016-03-22 23:42:40', '2016-03-22 23:42:40', 'e3de6900-a06a-4261-90c3-f98705ad9d46'),
 ('919', '921', 'en_us', '', NULL, '1', '2016-03-23 00:37:59', '2016-03-23 00:41:27', 'd3a608e1-d3b1-4b82-8dc1-50be9a2ea282'),
 ('920', '922', 'en_us', '', NULL, '1', '2016-03-23 00:39:38', '2016-03-23 00:49:30', '7a290406-1fe0-4a36-8610-6eee0ec7c6e5'),
 ('921', '923', 'en_us', '', NULL, '1', '2016-03-23 00:41:27', '2016-03-23 00:41:27', '8578fc3f-7249-498a-a95c-b540e9670694'),
 ('922', '924', 'en_us', '', NULL, '1', '2016-03-23 00:41:27', '2016-03-23 00:41:27', 'e47b22d1-d063-4ba4-91d1-ea31c0b94a59'),
 ('923', '925', 'en_us', 'slamming-chicks', 'skills/slamming-chicks', '1', '2016-03-23 00:41:36', '2016-03-23 00:41:36', '7582df94-e3f3-4ab2-b13d-aaf6cf2107f1'),
 ('924', '926', 'en_us', 'slamming-bitches', 'skills/slamming-bitches', '1', '2016-03-23 00:41:36', '2016-03-23 00:41:36', 'cc46e963-93d7-4bc8-9785-621d32b0c3d1'),
 ('925', '927', 'en_us', '', NULL, '1', '2016-03-23 00:41:36', '2016-03-23 00:41:36', 'bcb201dd-e53d-4b9f-9961-e323b8f41caa'),
 ('926', '928', 'en_us', '', NULL, '1', '2016-03-23 00:41:36', '2016-03-23 00:41:36', '41f90dd4-16b8-4b18-9786-eaf1e6d254ae'),
 ('927', '929', 'en_us', 'wed-23-mar-2016-004158', NULL, '1', '2016-03-23 00:41:58', '2016-03-23 00:41:58', '587adf35-b487-4c1a-b172-329b697f65fb'),
 ('928', '930', 'en_us', 'wed-23-mar-2016-004319', NULL, '1', '2016-03-23 00:43:20', '2016-03-23 00:43:20', '2c364ae3-94ce-4276-8141-a24addfee4c7'),
 ('929', '931', 'en_us', 'wed-23-mar-2016-004342', NULL, '1', '2016-03-23 00:43:42', '2016-03-23 00:43:42', 'e75e5574-1d26-4e0a-af51-749b0aee0999'),
 ('930', '932', 'en_us', 'yo-i-can-see-you-because-we-made-all-users-visible', NULL, '1', '2016-03-23 00:48:47', '2016-03-23 00:49:21', '97a2d612-0227-4243-b866-0c489aaa3246'),
 ('931', '933', 'en_us', 're-yo-i-can-see-you-because-we-made-all-users-visible', NULL, '1', '2016-03-23 00:49:28', '2016-03-23 00:49:39', '8d76c165-7774-4add-b612-2bb7d8f9b00e'),
 ('932', '934', 'en_us', 'sucka', NULL, '1', '2016-03-23 00:50:04', '2016-03-23 00:50:04', '93168ee4-c030-4049-973c-2894a1fb74e5'),
 ('935', '937', 'en_us', '', NULL, '1', '2016-03-23 01:57:44', '2016-03-23 01:57:44', '8b3b0176-5cb2-40eb-8244-5bebe98e3fde'),
 ('936', '938', 'en_us', '', NULL, '1', '2016-03-23 01:57:45', '2016-03-23 01:57:45', 'f26a849c-faee-45f1-947b-83ca9968a29d'),
 ('937', '939', 'en_us', 'masterminding', 'skills/masterminding', '1', '2016-03-25 03:02:32', '2016-03-25 03:02:32', 'd3a55419-10ad-4663-b75e-025453dde630'),
 ('938', '940', 'en_us', '', NULL, '1', '2016-03-25 03:02:32', '2016-04-10 19:06:11', '4f97a083-c471-40c3-b093-a93baf84701a'),
 ('939', '941', 'en_us', '', NULL, '1', '2016-03-25 03:02:32', '2016-04-10 19:06:11', '68b5401a-c9d5-429d-a79d-eda12bf936ad'),
 ('940', '942', 'en_us', 'fri-25-mar-2016-030255', NULL, '1', '2016-03-25 03:02:55', '2016-03-25 03:02:55', 'ffe714cc-4e86-44e0-8917-061a4e62c29b'),
 ('941', '943', 'en_us', 'design', 'skills/design', '1', '2016-03-26 19:39:13', '2016-03-26 19:39:13', '29568201-ae0d-4eca-9334-bfc9c40c3b22'),
 ('942', '944', 'en_us', 'graphic-arts', 'skills/graphic-arts', '1', '2016-03-26 19:39:13', '2016-03-26 19:39:13', '83d0cd5b-15f2-4790-b585-c9982ed654b6'),
 ('943', '945', 'en_us', 'user-interface-design-1', 'skills/user-interface-design-1', '1', '2016-03-26 19:39:13', '2016-03-26 19:39:13', 'f93b3503-7f0c-4b3a-96e8-161687b5b546'),
 ('944', '946', 'en_us', 'ux-design', 'skills/ux-design', '1', '2016-03-26 19:39:13', '2016-03-26 19:39:13', 'db3b3ba8-e8d7-474a-b42c-2616158a1214'),
 ('945', '947', 'en_us', '', NULL, '1', '2016-03-26 19:39:13', '2016-03-26 19:39:13', '2c44d52e-714d-44fa-9e9b-d9597577cd86'),
 ('946', '948', 'en_us', '', NULL, '1', '2016-03-26 19:39:13', '2016-03-26 19:39:13', 'db8af557-f485-4147-9486-d3ff51ebc88e');



DROP TABLE IF EXISTS `craft_emailmessages`;


--
-- Schema for table `craft_emailmessages`
--
CREATE TABLE `craft_emailmessages` (
  `id` int(11) NOT NULL AUTO_INCREMENT,
  `key` char(150) COLLATE utf8_unicode_ci NOT NULL,
  `locale` char(12) COLLATE utf8_unicode_ci NOT NULL,
  `subject` varchar(1000) COLLATE utf8_unicode_ci NOT NULL,
  `body` text COLLATE utf8_unicode_ci NOT NULL,
  `dateCreated` datetime NOT NULL,
  `dateUpdated` datetime NOT NULL,
  `uid` char(36) COLLATE utf8_unicode_ci NOT NULL DEFAULT '0',
  PRIMARY KEY (`id`),
  UNIQUE KEY `craft_emailmessages_key_locale_unq_idx` (`key`,`locale`),
  KEY `craft_emailmessages_locale_fk` (`locale`)
) ENGINE=InnoDB DEFAULT CHARSET=utf8 COLLATE=utf8_unicode_ci;

DROP TABLE IF EXISTS `craft_entries`;


--
-- Schema for table `craft_entries`
--
CREATE TABLE `craft_entries` (
  `id` int(11) NOT NULL,
  `sectionId` int(11) NOT NULL,
  `typeId` int(11) DEFAULT NULL,
  `authorId` int(11) DEFAULT NULL,
  `postDate` datetime DEFAULT NULL,
  `expiryDate` datetime DEFAULT NULL,
  `dateCreated` datetime NOT NULL,
  `dateUpdated` datetime NOT NULL,
  `uid` char(36) COLLATE utf8_unicode_ci NOT NULL DEFAULT '0',
  PRIMARY KEY (`id`),
  KEY `craft_entries_sectionId_idx` (`sectionId`),
  KEY `craft_entries_typeId_idx` (`typeId`),
  KEY `craft_entries_postDate_idx` (`postDate`),
  KEY `craft_entries_expiryDate_idx` (`expiryDate`),
  KEY `craft_entries_authorId_fk` (`authorId`)
) ENGINE=InnoDB DEFAULT CHARSET=utf8 COLLATE=utf8_unicode_ci;

--
-- Data for table `craft_entries`
--

INSERT INTO `craft_entries` (`id`, `sectionId`, `typeId`, `authorId`, `postDate`, `expiryDate`, `dateCreated`, `dateUpdated`, `uid`) VALUES
 ('2', '1', NULL, NULL, '2016-02-05 02:57:28', NULL, '2016-02-05 02:57:28', '2016-02-05 02:57:28', 'ff2e54d1-6eec-4af5-8280-dc5771ac0fa2'),
 ('3', '2', '2', '1', '2016-02-05 02:57:28', NULL, '2016-02-05 02:57:28', '2016-02-05 02:57:28', '28a05aa2-5e78-460b-a9c9-1ab7498b0fca'),
 ('5', '2', '2', '4', '2016-02-09 00:24:00', NULL, '2016-02-09 00:24:16', '2016-04-10 00:52:31', '2083ec9e-a324-4d37-aaba-92b7c058f87c'),
 ('10', '3', '3', '4', '2016-02-25 23:54:00', NULL, '2016-02-25 23:54:14', '2016-03-18 21:44:25', '29fcb67c-aa1f-48f9-9687-ffe8f2e20284'),
 ('12', '3', '3', '4', '2016-02-26 00:07:00', NULL, '2016-02-26 00:07:02', '2016-03-18 21:44:12', '9a5a8897-0d01-4750-8bf2-0cb2cfea78ba'),
 ('22', '3', '3', '1', '2016-03-02 03:29:00', NULL, '2016-03-02 03:29:52', '2016-03-18 21:44:02', '6c7aad27-37b9-45ff-b1a1-5d7b2999f0fa'),
 ('28', '3', '3', '4', '2016-03-03 23:04:00', NULL, '2016-03-03 23:04:53', '2016-03-18 21:43:48', 'eadccd03-9dfb-4c1e-82ab-c9cc6005d234'),
 ('29', '4', '4', '4', '2016-03-04 01:55:00', NULL, '2016-03-04 01:55:09', '2016-03-17 07:07:07', '2035ff26-0c34-4ffa-89f2-415d07338693'),
 ('33', '4', '4', '4', '2016-03-08 00:11:03', NULL, '2016-03-08 00:11:03', '2016-03-08 00:11:03', '48fc6cb8-bf63-4324-8f36-07a74a2641ec'),
 ('790', '3', '3', '1', '2016-03-12 03:50:00', NULL, '2016-03-12 03:50:35', '2016-03-18 21:43:38', '0daec4c0-7e11-4265-898e-932b36b7aeb5'),
 ('799', '3', '3', '1', '2016-03-12 15:22:00', NULL, '2016-03-12 15:22:22', '2016-03-18 21:43:27', 'cbf3bba1-ca0e-4f81-8ec6-8aebca9e463c'),
 ('806', '3', '3', '1', '2016-03-12 15:25:00', NULL, '2016-03-12 15:25:43', '2016-03-18 21:43:15', '025c584a-e14d-408c-ae9e-7d3452b5de6b'),
 ('809', '3', '3', '1', '2016-03-12 15:26:00', NULL, '2016-03-12 15:26:21', '2016-03-18 21:36:05', '72e1f58d-851a-4c70-952d-08dc6601eaeb'),
 ('816', '4', '4', '1', '2016-03-13 18:26:00', NULL, '2016-03-13 18:26:47', '2016-03-22 22:46:05', 'b802d949-a7cb-4151-8a34-60056e67b5f9'),
 ('821', '3', '3', '1', '2016-03-17 06:12:00', NULL, '2016-03-17 06:12:05', '2016-03-18 21:42:44', 'b1a00ba3-89ec-4d44-9995-c8469449dedb'),
 ('826', '4', '4', '1', '2016-03-17 07:37:00', NULL, '2016-03-17 07:37:25', '2016-04-10 00:19:38', 'a6fc2051-aee9-41bc-a016-8731fbc752f6'),
 ('828', '5', NULL, NULL, '2016-03-17 09:32:00', NULL, '2016-03-17 09:32:00', '2016-03-17 09:33:40', '15875318-7370-47ec-8455-e8e1aee47bc4'),
 ('831', '3', '3', '4', '2016-03-18 21:38:00', NULL, '2016-03-18 21:38:15', '2016-03-18 21:38:23', 'faade159-343d-4c66-85be-e1cdd0d74b00'),
 ('832', '3', '3', '4', '2016-03-18 21:38:00', NULL, '2016-03-18 21:38:33', '2016-03-18 21:41:44', '10c27fb2-09a5-4f41-a982-381757ac90b4'),
 ('833', '3', '3', '4', '2016-03-18 21:38:00', NULL, '2016-03-18 21:38:43', '2016-03-18 21:41:54', '05fe9cef-47f2-4161-bb54-d486dc0b34ee'),
 ('834', '3', '3', '4', '2016-03-18 21:38:00', NULL, '2016-03-18 21:38:50', '2016-03-18 21:41:36', '5dc663ff-5b1b-42da-8e78-20e3cf8f8536'),
 ('835', '3', '3', '4', '2016-03-18 21:39:00', NULL, '2016-03-18 21:39:13', '2016-03-18 21:41:27', '9af8bcf8-586e-4f96-aa5a-0ac156ea7b50'),
 ('836', '3', '3', '4', '2016-03-18 21:39:00', NULL, '2016-03-18 21:39:23', '2016-03-18 21:41:09', 'ff794c8b-a781-4e19-be0a-6d461beffef0'),
 ('839', '3', '3', '4', '2016-03-18 21:46:19', NULL, '2016-03-18 21:46:19', '2016-03-18 21:46:19', 'e53481d8-33ae-4ab3-94cc-98c5bff7c510'),
 ('876', '4', '4', '851', '2016-03-20 22:52:57', NULL, '2016-03-20 22:52:58', '2016-03-20 22:52:58', 'd784535a-f23e-4ed5-a11c-e7151a6c070f'),
 ('885', '3', '3', '880', '2016-03-20 23:11:58', NULL, '2016-03-20 23:11:58', '2016-03-20 23:11:58', '80178f67-4d47-49fc-8804-c9c424190f59'),
 ('888', '4', '4', '851', '2016-03-20 23:16:31', NULL, '2016-03-20 23:16:31', '2016-03-20 23:17:46', '17e4d33b-7823-44cb-98ae-5234a962b953'),
 ('911', '3', '3', '905', '2016-03-22 23:42:40', NULL, '2016-03-22 23:42:40', '2016-03-22 23:42:40', '5dd786b5-ed9c-42e2-9f12-d535006ad32d'),
 ('912', '3', '3', '905', '2016-03-22 23:42:40', NULL, '2016-03-22 23:42:40', '2016-03-22 23:42:40', 'ea3df2c3-c43d-4e72-82c6-64bb96bfaa5b'),
 ('913', '3', '3', '905', '2016-03-22 23:42:40', NULL, '2016-03-22 23:42:40', '2016-03-22 23:42:40', '19b8250b-d320-4497-9145-10631d08f8f4'),
 ('914', '3', '3', '905', '2016-03-22 23:42:40', NULL, '2016-03-22 23:42:40', '2016-03-22 23:42:40', '2a3cd79a-be38-46aa-ab00-99d04c3d82cc'),
 ('915', '3', '3', '905', '2016-03-22 23:42:40', NULL, '2016-03-22 23:42:40', '2016-03-22 23:42:40', 'c5629960-90e9-4037-a50d-1e30e587f5ae'),
 ('916', '3', '3', '905', '2016-03-22 23:42:40', NULL, '2016-03-22 23:42:40', '2016-03-22 23:42:40', 'd3300717-4d47-4bf4-8e39-a0787587af5e'),
 ('925', '3', '3', '922', '2016-03-23 00:41:36', NULL, '2016-03-23 00:41:36', '2016-03-23 00:41:36', 'cd15de45-b410-4899-a7c1-74e1fb2b0348'),
 ('926', '3', '3', '922', '2016-03-23 00:41:36', NULL, '2016-03-23 00:41:36', '2016-03-23 00:41:36', 'd520af8b-fabf-4693-8029-41c4e96dc44c'),
 ('932', '4', '4', '851', '2016-03-23 00:48:47', NULL, '2016-03-23 00:48:47', '2016-03-23 00:49:21', '0b64a85b-4fcd-4762-8917-b23c363204c3'),
 ('933', '4', '4', '921', '2016-03-23 00:49:28', NULL, '2016-03-23 00:49:28', '2016-03-23 00:49:39', '05f9a802-e0f9-49a9-9ff1-343875b92af1'),
 ('934', '4', '4', '922', '2016-03-23 00:50:04', NULL, '2016-03-23 00:50:04', '2016-03-23 00:50:04', 'ed4f88a2-286a-477a-a153-c958d848c61e'),
 ('939', '3', '3', '905', '2016-03-25 03:02:31', NULL, '2016-03-25 03:02:32', '2016-03-25 03:02:32', 'd3cc4bb8-10c1-415a-96d3-bd97fa5c0147'),
 ('943', '3', '3', '817', '2016-03-26 19:39:13', NULL, '2016-03-26 19:39:13', '2016-03-26 19:39:13', 'e5774eda-de11-45fd-b700-f8ef7d784a55'),
 ('944', '3', '3', '817', '2016-03-26 19:39:13', NULL, '2016-03-26 19:39:13', '2016-03-26 19:39:13', '23a2a941-ed48-4fdd-b8df-59eedc503006'),
 ('945', '3', '3', '817', '2016-03-26 19:39:13', NULL, '2016-03-26 19:39:13', '2016-03-26 19:39:13', '56048492-183b-413b-b5e8-2ea16792a827'),
 ('946', '3', '3', '817', '2016-03-26 19:39:13', NULL, '2016-03-26 19:39:13', '2016-03-26 19:39:13', '4e7a8f85-9deb-4d85-be4d-c77a73823252');



DROP TABLE IF EXISTS `craft_entrydrafts`;


--
-- Schema for table `craft_entrydrafts`
--
CREATE TABLE `craft_entrydrafts` (
  `id` int(11) NOT NULL AUTO_INCREMENT,
  `entryId` int(11) NOT NULL,
  `sectionId` int(11) NOT NULL,
  `creatorId` int(11) NOT NULL,
  `locale` char(12) COLLATE utf8_unicode_ci NOT NULL,
  `name` varchar(255) COLLATE utf8_unicode_ci NOT NULL,
  `notes` tinytext COLLATE utf8_unicode_ci,
  `data` mediumtext COLLATE utf8_unicode_ci NOT NULL,
  `dateCreated` datetime NOT NULL,
  `dateUpdated` datetime NOT NULL,
  `uid` char(36) COLLATE utf8_unicode_ci NOT NULL DEFAULT '0',
  PRIMARY KEY (`id`),
  KEY `craft_entrydrafts_entryId_locale_idx` (`entryId`,`locale`),
  KEY `craft_entrydrafts_sectionId_fk` (`sectionId`),
  KEY `craft_entrydrafts_creatorId_fk` (`creatorId`),
  KEY `craft_entrydrafts_locale_fk` (`locale`)
) ENGINE=InnoDB DEFAULT CHARSET=utf8 COLLATE=utf8_unicode_ci;

DROP TABLE IF EXISTS `craft_entrytypes`;


--
-- Schema for table `craft_entrytypes`
--
CREATE TABLE `craft_entrytypes` (
  `id` int(11) NOT NULL AUTO_INCREMENT,
  `sectionId` int(11) NOT NULL,
  `fieldLayoutId` int(11) DEFAULT NULL,
  `name` varchar(255) COLLATE utf8_unicode_ci NOT NULL,
  `handle` varchar(255) COLLATE utf8_unicode_ci NOT NULL,
  `hasTitleField` tinyint(1) unsigned NOT NULL DEFAULT '1',
  `titleLabel` varchar(255) COLLATE utf8_unicode_ci DEFAULT 'Title',
  `titleFormat` varchar(255) COLLATE utf8_unicode_ci DEFAULT NULL,
  `sortOrder` smallint(6) unsigned DEFAULT NULL,
  `dateCreated` datetime NOT NULL,
  `dateUpdated` datetime NOT NULL,
  `uid` char(36) COLLATE utf8_unicode_ci NOT NULL DEFAULT '0',
  PRIMARY KEY (`id`),
  UNIQUE KEY `craft_entrytypes_name_sectionId_unq_idx` (`name`,`sectionId`),
  UNIQUE KEY `craft_entrytypes_handle_sectionId_unq_idx` (`handle`,`sectionId`),
  KEY `craft_entrytypes_sectionId_fk` (`sectionId`),
  KEY `craft_entrytypes_fieldLayoutId_fk` (`fieldLayoutId`)
) ENGINE=InnoDB AUTO_INCREMENT=6 DEFAULT CHARSET=utf8 COLLATE=utf8_unicode_ci;

--
-- Data for table `craft_entrytypes`
--

INSERT INTO `craft_entrytypes` (`id`, `sectionId`, `fieldLayoutId`, `name`, `handle`, `hasTitleField`, `titleLabel`, `titleFormat`, `sortOrder`, `dateCreated`, `dateUpdated`, `uid`) VALUES
 ('1', '1', '3', 'Homepage', 'homepage', '1', 'Title', NULL, NULL, '2016-02-05 02:57:28', '2016-02-05 02:57:28', '1f6cad5b-ddee-4f14-89c8-91fd8f5c04d3'),
 ('2', '2', '5', 'News', 'news', '1', 'Title', NULL, NULL, '2016-02-05 02:57:28', '2016-02-05 02:57:28', '5afa7b1a-6b29-45be-ac30-67b0ed414668'),
 ('3', '3', '15', 'Skills', 'skills', '1', 'Title', NULL, NULL, '2016-02-25 23:42:54', '2016-02-25 23:53:36', 'f698b0a7-55ec-478e-a6d4-26d00cd3f3e2'),
 ('4', '4', '52', 'Messages', 'messages', '1', 'Title', NULL, NULL, '2016-03-03 23:32:22', '2016-03-13 18:22:08', '233564a2-978c-44c9-b67b-0c03d928a125'),
 ('5', '5', '55', 'how it works', 'howItWorks', '0', NULL, '{section.name|raw}', NULL, '2016-03-17 09:32:00', '2016-03-17 09:34:37', 'c788eea0-59e2-4bc6-9f8f-919b1676ca23');



DROP TABLE IF EXISTS `craft_entryversions`;


--
-- Schema for table `craft_entryversions`
--
CREATE TABLE `craft_entryversions` (
  `id` int(11) NOT NULL AUTO_INCREMENT,
  `entryId` int(11) NOT NULL,
  `sectionId` int(11) NOT NULL,
  `creatorId` int(11) DEFAULT NULL,
  `locale` char(12) COLLATE utf8_unicode_ci NOT NULL,
  `num` smallint(6) unsigned NOT NULL,
  `notes` tinytext COLLATE utf8_unicode_ci,
  `data` mediumtext COLLATE utf8_unicode_ci NOT NULL,
  `dateCreated` datetime NOT NULL,
  `dateUpdated` datetime NOT NULL,
  `uid` char(36) COLLATE utf8_unicode_ci NOT NULL DEFAULT '0',
  PRIMARY KEY (`id`),
  KEY `craft_entryversions_entryId_locale_idx` (`entryId`,`locale`),
  KEY `craft_entryversions_sectionId_fk` (`sectionId`),
  KEY `craft_entryversions_creatorId_fk` (`creatorId`),
  KEY `craft_entryversions_locale_fk` (`locale`)
) ENGINE=InnoDB AUTO_INCREMENT=781 DEFAULT CHARSET=utf8 COLLATE=utf8_unicode_ci;

--
-- Data for table `craft_entryversions`
--

INSERT INTO `craft_entryversions` (`id`, `entryId`, `sectionId`, `creatorId`, `locale`, `num`, `notes`, `data`, `dateCreated`, `dateUpdated`, `uid`) VALUES
 ('1', '5', '2', '4', 'en_us', '1', '', '{\"typeId\":null,\"authorId\":\"4\",\"title\":\"This is a test\",\"slug\":\"this-is-a-test\",\"postDate\":1454977456,\"expiryDate\":null,\"enabled\":1,\"parentId\":null,\"fields\":{\"1\":\"<p>I am a test!<\\/p>\",\"2\":\"\"}}', '2016-02-09 00:24:16', '2016-02-09 00:24:16', '5d2236b3-3c3a-4a12-b620-e9cffd9734e2'),
 ('2', '10', '3', '4', 'en_us', '1', '', '{\"typeId\":null,\"authorId\":\"4\",\"title\":\"General Badassery\",\"slug\":\"general-badassery\",\"postDate\":1456444454,\"expiryDate\":null,\"enabled\":1,\"parentId\":null,\"fields\":{\"14\":[\"favorite\"]}}', '2016-02-25 23:54:14', '2016-02-25 23:54:14', 'bce5b561-1b20-4a1c-bdb3-d78e850f17fd'),
 ('3', '12', '3', '4', 'en_us', '1', '', '{\"typeId\":null,\"authorId\":\"4\",\"title\":\"Mad Hacker\",\"slug\":\"mad-hacker\",\"postDate\":1456445222,\"expiryDate\":null,\"enabled\":1,\"parentId\":null,\"fields\":{\"14\":\"\"}}', '2016-02-26 00:07:02', '2016-02-26 00:07:02', 'cd2e95ce-94d6-42ba-8b3c-d9c67bdce6c1'),
 ('4', '22', '3', '4', 'en_us', '1', NULL, '{\"typeId\":null,\"authorId\":null,\"title\":\"Aura of Awesomeness\",\"slug\":\"aura-of-awesomeness\",\"postDate\":1456889392,\"expiryDate\":null,\"enabled\":1,\"parentId\":null,\"fields\":{\"14\":\"1\"}}', '2016-03-02 03:29:52', '2016-03-02 03:29:52', '60971970-6db9-47f7-b885-e9466e2a6781'),
 ('5', '12', '3', '1', 'en_us', '2', '', '{\"typeId\":\"3\",\"authorId\":\"4\",\"title\":\"Mad Hacker\",\"slug\":\"mad-hacker\",\"postDate\":1456445220,\"expiryDate\":null,\"enabled\":1,\"parentId\":null,\"fields\":{\"14\":\"1\"}}', '2016-03-02 19:27:18', '2016-03-02 19:27:18', 'b2950dfe-d218-469c-b41a-c52e471d1273'),
 ('6', '10', '3', '1', 'en_us', '2', '', '{\"typeId\":\"3\",\"authorId\":\"4\",\"title\":\"General Badassery\",\"slug\":\"general-badassery\",\"postDate\":1456444440,\"expiryDate\":null,\"enabled\":1,\"parentId\":null,\"fields\":{\"14\":\"1\"}}', '2016-03-02 19:27:24', '2016-03-02 19:27:24', '95d553e6-8541-4568-960a-c00f21cf73d5'),
 ('7', '22', '3', '1', 'en_us', '2', '', '{\"typeId\":\"3\",\"authorId\":\"1\",\"title\":\"Aura of Awesomeness\",\"slug\":\"aura-of-awesomeness\",\"postDate\":1456889340,\"expiryDate\":null,\"enabled\":1,\"parentId\":null,\"fields\":{\"14\":\"\"}}', '2016-03-02 19:27:30', '2016-03-02 19:27:30', '32f811ec-06bd-432a-9089-e26984975c68'),
 ('8', '28', '3', '4', 'en_us', '1', NULL, '{\"typeId\":null,\"authorId\":null,\"title\":\"Making teh lolz\",\"slug\":\"making-teh-lolz\",\"postDate\":1457046293,\"expiryDate\":null,\"enabled\":1,\"parentId\":null,\"fields\":{\"14\":\"1\"}}', '2016-03-03 23:04:53', '2016-03-03 23:04:53', '3c82a041-0faa-4510-b55a-de82a94921b2'),
 ('726', '790', '3', '1', 'en_us', '1', NULL, '{\"typeId\":3,\"authorId\":\"1\",\"title\":\"copypasta\",\"slug\":\"copypasta\",\"postDate\":1457754635,\"expiryDate\":null,\"enabled\":1,\"parentId\":null,\"fields\":{\"14\":1}}', '2016-03-12 03:50:35', '2016-03-12 03:50:35', 'd3cb0860-50c8-4229-9140-02d8ba46f7f7'),
 ('727', '799', '3', '1', 'en_us', '1', NULL, '{\"typeId\":3,\"authorId\":\"1\",\"title\":\"new hotness skill\",\"slug\":\"new-hotness-skill\",\"postDate\":1457796142,\"expiryDate\":null,\"enabled\":1,\"parentId\":null,\"fields\":{\"14\":1}}', '2016-03-12 15:22:22', '2016-03-12 15:22:22', 'b0725692-c2b9-4815-a04f-23b4a6a91c89'),
 ('728', '22', '3', '1', 'en_us', '3', '', '{\"typeId\":\"3\",\"authorId\":\"1\",\"title\":\"Aura of Awesomeness\",\"slug\":\"aura-of-awesomeness\",\"postDate\":1456889340,\"expiryDate\":null,\"enabled\":1,\"parentId\":null,\"fields\":{\"14\":\"1\"}}', '2016-03-12 15:25:01', '2016-03-12 15:25:01', '42fc2e75-1c28-4505-bb5f-4ae172a1363c'),
 ('729', '806', '3', '1', 'en_us', '1', NULL, '{\"typeId\":3,\"authorId\":\"1\",\"title\":\"code testing\",\"slug\":\"code-testing\",\"postDate\":1457796343,\"expiryDate\":null,\"enabled\":1,\"parentId\":null,\"fields\":[]}', '2016-03-12 15:25:43', '2016-03-12 15:25:43', '62cd358d-b2cd-434b-9b12-4c8659b73b1a'),
 ('730', '809', '3', '1', 'en_us', '1', NULL, '{\"typeId\":3,\"authorId\":\"1\",\"title\":\"user interface design\",\"slug\":\"user-interface-design\",\"postDate\":1457796381,\"expiryDate\":null,\"enabled\":1,\"parentId\":null,\"fields\":[]}', '2016-03-12 15:26:21', '2016-03-12 15:26:21', 'fb21c295-4a9c-4ce8-845f-059a22e3d655'),
 ('731', '821', '3', '1', 'en_us', '1', NULL, '{\"typeId\":3,\"authorId\":\"1\",\"title\":\"Mad Slacker\",\"slug\":\"mad-slacker\",\"postDate\":1458195125,\"expiryDate\":null,\"enabled\":1,\"parentId\":null,\"fields\":[]}', '2016-03-17 06:12:05', '2016-03-17 06:12:05', '6213a03d-9425-4fff-a64e-553fad0bfa4b'),
 ('732', '828', '5', '1', 'en_us', '1', NULL, '{\"typeId\":\"5\",\"authorId\":null,\"title\":\"how it works\",\"slug\":\"how-it-works\",\"postDate\":1458207120,\"expiryDate\":null,\"enabled\":1,\"parentId\":null,\"fields\":[]}', '2016-03-17 09:32:00', '2016-03-17 09:32:00', '1178c276-3cfe-43b9-bb6a-ad17a685bac3'),
 ('733', '828', '5', '1', 'en_us', '2', '', '{\"typeId\":null,\"authorId\":null,\"title\":\"how it works\",\"slug\":\"how-it-works\",\"postDate\":1458207120,\"expiryDate\":null,\"enabled\":1,\"parentId\":null,\"fields\":{\"1\":\"<p>Test content for how it works page. and yes you can do <strong>fancy<\\/strong> <a href=\\\"http:\\/\\/reddit.com\\/r\\/reactiongifs\\\" target=\\\"_blank\\\">formatting<\\/a> here<\\/p>\"}}', '2016-03-17 09:33:40', '2016-03-17 09:33:40', '738b9354-25cb-48b1-b053-cc91c1faf611'),
 ('734', '821', '3', '4', 'en_us', '2', '', '{\"typeId\":\"3\",\"authorId\":\"1\",\"title\":\"Craft CMS Developer\",\"slug\":\"mad-slacker\",\"postDate\":1458195120,\"expiryDate\":null,\"enabled\":1,\"parentId\":null,\"fields\":{\"14\":\"1\"}}', '2016-03-18 21:35:46', '2016-03-18 21:35:46', 'e5c984cb-e0ae-4473-bf6e-3a39d68291e9'),
 ('735', '809', '3', '4', 'en_us', '2', '', '{\"typeId\":\"3\",\"authorId\":\"1\",\"title\":\"User Interface Design\",\"slug\":\"user-interface-design\",\"postDate\":1457796360,\"expiryDate\":null,\"enabled\":1,\"parentId\":null,\"fields\":{\"14\":\"1\"}}', '2016-03-18 21:36:05', '2016-03-18 21:36:05', '103d16aa-3da4-42f4-a25f-64d10551b972'),
 ('736', '806', '3', '4', 'en_us', '2', '', '{\"typeId\":\"3\",\"authorId\":\"1\",\"title\":\"Troubleshooting and Debuging\",\"slug\":\"code-testing\",\"postDate\":1457796300,\"expiryDate\":null,\"enabled\":1,\"parentId\":null,\"fields\":{\"14\":\"1\"}}', '2016-03-18 21:36:29', '2016-03-18 21:36:29', 'd9c2176c-7fc0-4011-a3e9-15ea51cf20fd'),
 ('737', '799', '3', '4', 'en_us', '2', '', '{\"typeId\":\"3\",\"authorId\":\"1\",\"title\":\"jQuery\",\"slug\":\"new-hotness-skill\",\"postDate\":1457796120,\"expiryDate\":null,\"enabled\":1,\"parentId\":null,\"fields\":{\"14\":\"1\"}}', '2016-03-18 21:36:45', '2016-03-18 21:36:45', '647e4745-d100-48c5-9670-2e3e9742aa66'),
 ('738', '790', '3', '4', 'en_us', '2', '', '{\"typeId\":\"3\",\"authorId\":\"1\",\"title\":\"node.js\",\"slug\":\"copypasta\",\"postDate\":1457754600,\"expiryDate\":null,\"enabled\":1,\"parentId\":null,\"fields\":{\"14\":\"1\"}}', '2016-03-18 21:36:58', '2016-03-18 21:36:58', '0367fc7e-223b-426a-9625-f82160ec1979'),
 ('739', '28', '3', '4', 'en_us', '2', '', '{\"typeId\":\"3\",\"authorId\":\"4\",\"title\":\"PHP\",\"slug\":\"making-teh-lolz\",\"postDate\":1457046240,\"expiryDate\":null,\"enabled\":1,\"parentId\":null,\"fields\":{\"14\":\"1\"}}', '2016-03-18 21:37:08', '2016-03-18 21:37:08', 'e140626c-3115-4fdb-bc98-297546463a43'),
 ('740', '22', '3', '4', 'en_us', '4', '', '{\"typeId\":\"3\",\"authorId\":\"1\",\"title\":\"Javascript\",\"slug\":\"aura-of-awesomeness\",\"postDate\":1456889340,\"expiryDate\":null,\"enabled\":1,\"parentId\":null,\"fields\":{\"14\":\"1\"}}', '2016-03-18 21:37:22', '2016-03-18 21:37:22', 'f5140e1f-8a77-44cb-bdbb-77bd6dc989ab'),
 ('741', '12', '3', '4', 'en_us', '3', '', '{\"typeId\":\"3\",\"authorId\":\"4\",\"title\":\"mySQL\",\"slug\":\"mad-hacker\",\"postDate\":1456445220,\"expiryDate\":null,\"enabled\":1,\"parentId\":null,\"fields\":{\"14\":\"1\"}}', '2016-03-18 21:37:33', '2016-03-18 21:37:33', '2e9ccaa0-181b-4ddb-8ec1-e58693402564'),
 ('742', '10', '3', '4', 'en_us', '3', '', '{\"typeId\":\"3\",\"authorId\":\"4\",\"title\":\"Technical Documentation\",\"slug\":\"general-badassery\",\"postDate\":1456444440,\"expiryDate\":null,\"enabled\":1,\"parentId\":null,\"fields\":{\"14\":\"1\"}}', '2016-03-18 21:37:56', '2016-03-18 21:37:56', '083d8165-572e-405b-850a-e7a38a0a3c8f'),
 ('743', '831', '3', '4', 'en_us', '1', '', '{\"typeId\":null,\"authorId\":\"4\",\"title\":\"C++\",\"slug\":\"c\",\"postDate\":1458337095,\"expiryDate\":null,\"enabled\":1,\"parentId\":null,\"fields\":{\"14\":\"\"}}', '2016-03-18 21:38:15', '2016-03-18 21:38:15', '883f52b4-cc67-407a-ab5f-24ee347a228b'),
 ('744', '831', '3', '4', 'en_us', '2', '', '{\"typeId\":\"3\",\"authorId\":\"4\",\"title\":\"C++\",\"slug\":\"c\",\"postDate\":1458337080,\"expiryDate\":null,\"enabled\":1,\"parentId\":null,\"fields\":{\"14\":\"1\"}}', '2016-03-18 21:38:23', '2016-03-18 21:38:23', '2570846e-0a88-4429-b524-46d68d297e09'),
 ('745', '832', '3', '4', 'en_us', '1', '', '{\"typeId\":null,\"authorId\":\"4\",\"title\":\"Perl\",\"slug\":\"perl\",\"postDate\":1458337113,\"expiryDate\":null,\"enabled\":1,\"parentId\":null,\"fields\":{\"14\":\"\"}}', '2016-03-18 21:38:33', '2016-03-18 21:38:33', '4811b669-d528-4ad4-a34c-4dfa34b9e278'),
 ('746', '833', '3', '4', 'en_us', '1', '', '{\"typeId\":null,\"authorId\":\"4\",\"title\":\"Wordpress\",\"slug\":\"wordpress\",\"postDate\":1458337123,\"expiryDate\":null,\"enabled\":1,\"parentId\":null,\"fields\":{\"14\":\"\"}}', '2016-03-18 21:38:43', '2016-03-18 21:38:43', '71e11e14-bcfc-446c-9461-2aa0aec3966b'),
 ('747', '834', '3', '4', 'en_us', '1', '', '{\"typeId\":null,\"authorId\":\"4\",\"title\":\"Drupal\",\"slug\":\"drupal\",\"postDate\":1458337130,\"expiryDate\":null,\"enabled\":1,\"parentId\":null,\"fields\":{\"14\":\"\"}}', '2016-03-18 21:38:50', '2016-03-18 21:38:50', '648a7b4c-2dfd-4694-93e1-4ee4f8360af0'),
 ('748', '835', '3', '4', 'en_us', '1', '', '{\"typeId\":null,\"authorId\":\"4\",\"title\":\"Data Mining\",\"slug\":\"data-mining\",\"postDate\":1458337153,\"expiryDate\":null,\"enabled\":1,\"parentId\":null,\"fields\":{\"14\":\"\"}}', '2016-03-18 21:39:13', '2016-03-18 21:39:13', 'bbcc8496-b2bc-4eb9-a5dc-8068a78e12f3'),
 ('749', '836', '3', '4', 'en_us', '1', '', '{\"typeId\":null,\"authorId\":\"4\",\"title\":\"Google Adwords\",\"slug\":\"google-adwords\",\"postDate\":1458337163,\"expiryDate\":null,\"enabled\":1,\"parentId\":null,\"fields\":{\"14\":\"\"}}', '2016-03-18 21:39:23', '2016-03-18 21:39:23', '071306e2-75f7-4bce-aa56-9d1d8990ce7e'),
 ('750', '836', '3', '4', 'en_us', '2', '', '{\"typeId\":\"3\",\"authorId\":\"4\",\"title\":\"Google Adwords\",\"slug\":\"google-adwords\",\"postDate\":1458337140,\"expiryDate\":null,\"enabled\":1,\"parentId\":null,\"fields\":{\"14\":\"1\"}}', '2016-03-18 21:41:09', '2016-03-18 21:41:09', '5224d844-28f7-4897-9538-205f4c743747'),
 ('751', '835', '3', '4', 'en_us', '2', '', '{\"typeId\":\"3\",\"authorId\":\"4\",\"title\":\"Data Mining\",\"slug\":\"data-mining\",\"postDate\":1458337140,\"expiryDate\":null,\"enabled\":1,\"parentId\":null,\"fields\":{\"14\":\"1\"}}', '2016-03-18 21:41:27', '2016-03-18 21:41:27', '3ce828d0-dd56-4efd-a542-0f3b06b52cc8'),
 ('752', '834', '3', '4', 'en_us', '2', '', '{\"typeId\":\"3\",\"authorId\":\"4\",\"title\":\"Drupal\",\"slug\":\"drupal\",\"postDate\":1458337080,\"expiryDate\":null,\"enabled\":1,\"parentId\":null,\"fields\":{\"14\":\"1\"}}', '2016-03-18 21:41:36', '2016-03-18 21:41:36', 'd25a346f-1f35-48dc-97b8-d24d70f62234'),
 ('753', '832', '3', '4', 'en_us', '2', '', '{\"typeId\":\"3\",\"authorId\":\"4\",\"title\":\"Perl\",\"slug\":\"perl\",\"postDate\":1458337080,\"expiryDate\":null,\"enabled\":1,\"parentId\":null,\"fields\":{\"14\":\"1\"}}', '2016-03-18 21:41:44', '2016-03-18 21:41:44', '921cbfe5-7203-451a-b94d-be7fd53951de'),
 ('754', '833', '3', '4', 'en_us', '2', '', '{\"typeId\":\"3\",\"authorId\":\"4\",\"title\":\"Wordpress\",\"slug\":\"wordpress\",\"postDate\":1458337080,\"expiryDate\":null,\"enabled\":1,\"parentId\":null,\"fields\":{\"14\":\"1\"}}', '2016-03-18 21:41:54', '2016-03-18 21:41:54', '824a6cbe-2a56-48e4-8028-8c790744400e'),
 ('755', '821', '3', '4', 'en_us', '3', '', '{\"typeId\":\"3\",\"authorId\":\"1\",\"title\":\"Craft CMS Developer\",\"slug\":\"craft-cms-developer\",\"postDate\":1458195120,\"expiryDate\":null,\"enabled\":1,\"parentId\":null,\"fields\":{\"14\":\"1\"}}', '2016-03-18 21:42:44', '2016-03-18 21:42:44', 'be9e9416-1a3a-4ce8-b338-1659c1be6ff4'),
 ('756', '806', '3', '4', 'en_us', '3', '', '{\"typeId\":\"3\",\"authorId\":\"1\",\"title\":\"Troubleshooting and Debugging\",\"slug\":\"troubleshooting-and-debugging\",\"postDate\":1457796300,\"expiryDate\":null,\"enabled\":1,\"parentId\":null,\"fields\":{\"14\":\"1\"}}', '2016-03-18 21:43:15', '2016-03-18 21:43:15', 'b0e248a5-6dbf-49ad-aaf2-24ef1a703753'),
 ('757', '799', '3', '4', 'en_us', '3', '', '{\"typeId\":\"3\",\"authorId\":\"1\",\"title\":\"jQuery\",\"slug\":\"jquery\",\"postDate\":1457796120,\"expiryDate\":null,\"enabled\":1,\"parentId\":null,\"fields\":{\"14\":\"1\"}}', '2016-03-18 21:43:27', '2016-03-18 21:43:27', '971bedf4-77d2-40a3-83da-cc58e3a92e10'),
 ('758', '790', '3', '4', 'en_us', '3', '', '{\"typeId\":\"3\",\"authorId\":\"1\",\"title\":\"node.js\",\"slug\":\"node-js\",\"postDate\":1457754600,\"expiryDate\":null,\"enabled\":1,\"parentId\":null,\"fields\":{\"14\":\"1\"}}', '2016-03-18 21:43:38', '2016-03-18 21:43:38', '7816fec6-d94d-4059-92e6-92504974784a'),
 ('759', '28', '3', '4', 'en_us', '3', '', '{\"typeId\":\"3\",\"authorId\":\"4\",\"title\":\"PHP\",\"slug\":\"php\",\"postDate\":1457046240,\"expiryDate\":null,\"enabled\":1,\"parentId\":null,\"fields\":{\"14\":\"1\"}}', '2016-03-18 21:43:48', '2016-03-18 21:43:48', '66503b64-7ccb-4e7a-b4ba-1a15052b1a87'),
 ('760', '22', '3', '4', 'en_us', '5', '', '{\"typeId\":\"3\",\"authorId\":\"1\",\"title\":\"Javascript\",\"slug\":\"javascript\",\"postDate\":1456889340,\"expiryDate\":null,\"enabled\":1,\"parentId\":null,\"fields\":{\"14\":\"1\"}}', '2016-03-18 21:44:02', '2016-03-18 21:44:02', '25a8106b-7624-4643-b227-3cccfef2aa9f'),
 ('761', '12', '3', '4', 'en_us', '4', '', '{\"typeId\":\"3\",\"authorId\":\"4\",\"title\":\"mySQL\",\"slug\":\"mysql\",\"postDate\":1456445220,\"expiryDate\":null,\"enabled\":1,\"parentId\":null,\"fields\":{\"14\":\"1\"}}', '2016-03-18 21:44:12', '2016-03-18 21:44:12', '3544b6fc-2d24-4c28-ae63-5e975195cc2a'),
 ('762', '10', '3', '4', 'en_us', '4', '', '{\"typeId\":\"3\",\"authorId\":\"4\",\"title\":\"Technical Documentation\",\"slug\":\"technical-documentation\",\"postDate\":1456444440,\"expiryDate\":null,\"enabled\":1,\"parentId\":null,\"fields\":{\"14\":\"1\"}}', '2016-03-18 21:44:25', '2016-03-18 21:44:25', 'e5b4e4b6-70d4-4e31-99dd-efb4ae604c73'),
 ('763', '839', '3', '4', 'en_us', '1', NULL, '{\"typeId\":3,\"authorId\":\"4\",\"title\":\"Stand Up Comedy\",\"slug\":\"stand-up-comedy\",\"postDate\":1458337579,\"expiryDate\":null,\"enabled\":1,\"parentId\":null,\"fields\":[]}', '2016-03-18 21:46:19', '2016-03-18 21:46:19', '4cab5c91-e1fc-4251-afe3-547126efd85f'),
 ('764', '885', '3', '880', 'en_us', '1', NULL, '{\"typeId\":3,\"authorId\":\"880\",\"title\":\"stuff\",\"slug\":\"stuff\",\"postDate\":1458515518,\"expiryDate\":null,\"enabled\":1,\"parentId\":null,\"fields\":[]}', '2016-03-20 23:11:58', '2016-03-20 23:11:58', '468e87fa-4943-4716-8ed8-8ecc1511c03b'),
 ('767', '911', '3', '905', 'en_us', '1', NULL, '{\"typeId\":3,\"authorId\":\"905\",\"title\":\"Rocking and Rolling\",\"slug\":\"rocking-and-rolling\",\"postDate\":1458690160,\"expiryDate\":null,\"enabled\":1,\"parentId\":null,\"fields\":[]}', '2016-03-22 23:42:40', '2016-03-22 23:42:40', '1c5c5fd2-cdc0-43bd-8f6d-e5aa43e4b720'),
 ('768', '912', '3', '905', 'en_us', '1', NULL, '{\"typeId\":3,\"authorId\":\"905\",\"title\":\"Rick Rolling\",\"slug\":\"rick-rolling\",\"postDate\":1458690160,\"expiryDate\":null,\"enabled\":1,\"parentId\":null,\"fields\":[]}', '2016-03-22 23:42:40', '2016-03-22 23:42:40', '3267a687-f4ca-4a18-8259-2384f1b2fe9f'),
 ('769', '913', '3', '905', 'en_us', '1', NULL, '{\"typeId\":3,\"authorId\":\"905\",\"title\":\"Rolling in general\",\"slug\":\"rolling-in-general\",\"postDate\":1458690160,\"expiryDate\":null,\"enabled\":1,\"parentId\":null,\"fields\":[]}', '2016-03-22 23:42:40', '2016-03-22 23:42:40', 'e2354144-894d-4aa1-80b7-97dbc8399f8a'),
 ('770', '914', '3', '905', 'en_us', '1', NULL, '{\"typeId\":3,\"authorId\":\"905\",\"title\":\"Plotting and Scheming \",\"slug\":\"plotting-and-scheming\",\"postDate\":1458690160,\"expiryDate\":null,\"enabled\":1,\"parentId\":null,\"fields\":[]}', '2016-03-22 23:42:40', '2016-03-22 23:42:40', '3ae8f024-6f6c-4688-864e-20bac2f1633c'),
 ('771', '915', '3', '905', 'en_us', '1', NULL, '{\"typeId\":3,\"authorId\":\"905\",\"title\":\"Believing in myself\",\"slug\":\"believing-in-myself\",\"postDate\":1458690160,\"expiryDate\":null,\"enabled\":1,\"parentId\":null,\"fields\":[]}', '2016-03-22 23:42:40', '2016-03-22 23:42:40', 'e2c9d3db-8ebe-443b-baec-7d1ff8cee2ab'),
 ('772', '916', '3', '905', 'en_us', '1', NULL, '{\"typeId\":3,\"authorId\":\"905\",\"title\":\"Training minions \",\"slug\":\"training-minions\",\"postDate\":1458690160,\"expiryDate\":null,\"enabled\":1,\"parentId\":null,\"fields\":[]}', '2016-03-22 23:42:40', '2016-03-22 23:42:40', 'dc66397d-5d65-4a0d-a311-b663eebb7ac1'),
 ('773', '925', '3', '922', 'en_us', '1', NULL, '{\"typeId\":3,\"authorId\":\"922\",\"title\":\"Slamming Chicks\",\"slug\":\"slamming-chicks\",\"postDate\":1458693696,\"expiryDate\":null,\"enabled\":1,\"parentId\":null,\"fields\":[]}', '2016-03-23 00:41:36', '2016-03-23 00:41:36', '725bafc0-1dda-4943-8bf2-642a68b592a2'),
 ('774', '926', '3', '922', 'en_us', '1', NULL, '{\"typeId\":3,\"authorId\":\"922\",\"title\":\"slamming Bitches\",\"slug\":\"slamming-bitches\",\"postDate\":1458693696,\"expiryDate\":null,\"enabled\":1,\"parentId\":null,\"fields\":[]}', '2016-03-23 00:41:36', '2016-03-23 00:41:36', '3da72dda-5877-4327-9966-bcd164d8da10'),
 ('775', '939', '3', '905', 'en_us', '1', NULL, '{\"typeId\":3,\"authorId\":\"905\",\"title\":\"Masterminding \",\"slug\":\"masterminding\",\"postDate\":1458874951,\"expiryDate\":null,\"enabled\":1,\"parentId\":null,\"fields\":[]}', '2016-03-25 03:02:32', '2016-03-25 03:02:32', 'ab5c1290-acb7-4007-a57d-40e07323838e'),
 ('776', '943', '3', '817', 'en_us', '1', NULL, '{\"typeId\":3,\"authorId\":\"817\",\"title\":\"design\",\"slug\":\"design\",\"postDate\":1459021153,\"expiryDate\":null,\"enabled\":1,\"parentId\":null,\"fields\":[]}', '2016-03-26 19:39:13', '2016-03-26 19:39:13', 'c755d0dd-73a7-4983-a1ef-964d5512649e'),
 ('777', '944', '3', '817', 'en_us', '1', NULL, '{\"typeId\":3,\"authorId\":\"817\",\"title\":\"graphic arts\",\"slug\":\"graphic-arts\",\"postDate\":1459021153,\"expiryDate\":null,\"enabled\":1,\"parentId\":null,\"fields\":[]}', '2016-03-26 19:39:13', '2016-03-26 19:39:13', '3ad9cc6b-4f62-4e7c-a351-bc93cd77bf24'),
 ('778', '945', '3', '817', 'en_us', '1', NULL, '{\"typeId\":3,\"authorId\":\"817\",\"title\":\"User Interface Design\",\"slug\":\"user-interface-design-1\",\"postDate\":1459021153,\"expiryDate\":null,\"enabled\":1,\"parentId\":null,\"fields\":[]}', '2016-03-26 19:39:13', '2016-03-26 19:39:13', 'cf316881-3581-449c-8ff7-578e1b18c338'),
 ('779', '946', '3', '817', 'en_us', '1', NULL, '{\"typeId\":3,\"authorId\":\"817\",\"title\":\"UX design\",\"slug\":\"ux-design\",\"postDate\":1459021153,\"expiryDate\":null,\"enabled\":1,\"parentId\":null,\"fields\":[]}', '2016-03-26 19:39:13', '2016-03-26 19:39:13', '54b3788f-b0a1-4607-bcee-ec987488b616'),
 ('780', '5', '2', '1', 'en_us', '2', '', '{\"typeId\":\"2\",\"authorId\":\"4\",\"title\":\"This is a test\",\"slug\":\"this-is-a-test\",\"postDate\":1454977440,\"expiryDate\":null,\"enabled\":1,\"parentId\":null,\"fields\":{\"1\":\"<p>I am a test news update created by an <strong>admin<\\/strong> to talk to the <em>userbase<\\/em>.<\\/p>\",\"2\":\"\"}}', '2016-04-10 00:52:31', '2016-04-10 00:52:31', 'b56b22d0-271d-414a-a075-97097c4b6f87');



DROP TABLE IF EXISTS `craft_fieldgroups`;


--
-- Schema for table `craft_fieldgroups`
--
CREATE TABLE `craft_fieldgroups` (
  `id` int(11) NOT NULL AUTO_INCREMENT,
  `name` varchar(255) COLLATE utf8_unicode_ci NOT NULL,
  `dateCreated` datetime NOT NULL,
  `dateUpdated` datetime NOT NULL,
  `uid` char(36) COLLATE utf8_unicode_ci NOT NULL DEFAULT '0',
  PRIMARY KEY (`id`),
  UNIQUE KEY `craft_fieldgroups_name_unq_idx` (`name`)
) ENGINE=InnoDB AUTO_INCREMENT=5 DEFAULT CHARSET=utf8 COLLATE=utf8_unicode_ci;

--
-- Data for table `craft_fieldgroups`
--

INSERT INTO `craft_fieldgroups` (`id`, `name`, `dateCreated`, `dateUpdated`, `uid`) VALUES
 ('1', 'Default', '2016-02-05 02:57:28', '2016-02-05 02:57:28', '0d56ec7e-88ad-40fa-aed1-5c10d9709028'),
 ('2', 'skills', '2016-02-25 23:49:00', '2016-02-25 23:49:00', 'e6f109ec-7ff2-416d-9ea9-b26d7b993b17'),
 ('3', 'users', '2016-02-25 23:58:31', '2016-02-25 23:58:31', '5a4b9a43-ba47-4817-84c5-a46838129b16'),
 ('4', 'messages', '2016-03-04 01:26:30', '2016-03-04 01:26:30', '17e8a69c-608b-4240-b4e3-fec288623a07');



DROP TABLE IF EXISTS `craft_fieldlayoutfields`;


--
-- Schema for table `craft_fieldlayoutfields`
--
CREATE TABLE `craft_fieldlayoutfields` (
  `id` int(11) NOT NULL AUTO_INCREMENT,
  `layoutId` int(11) NOT NULL,
  `tabId` int(11) NOT NULL,
  `fieldId` int(11) NOT NULL,
  `required` tinyint(1) unsigned NOT NULL DEFAULT '0',
  `sortOrder` smallint(6) unsigned DEFAULT NULL,
  `dateCreated` datetime NOT NULL,
  `dateUpdated` datetime NOT NULL,
  `uid` char(36) COLLATE utf8_unicode_ci NOT NULL DEFAULT '0',
  PRIMARY KEY (`id`),
  UNIQUE KEY `craft_fieldlayoutfields_layoutId_fieldId_unq_idx` (`layoutId`,`fieldId`),
  KEY `craft_fieldlayoutfields_sortOrder_idx` (`sortOrder`),
  KEY `craft_fieldlayoutfields_tabId_fk` (`tabId`),
  KEY `craft_fieldlayoutfields_fieldId_fk` (`fieldId`)
) ENGINE=InnoDB AUTO_INCREMENT=116 DEFAULT CHARSET=utf8 COLLATE=utf8_unicode_ci;

--
-- Data for table `craft_fieldlayoutfields`
--

INSERT INTO `craft_fieldlayoutfields` (`id`, `layoutId`, `tabId`, `fieldId`, `required`, `sortOrder`, `dateCreated`, `dateUpdated`, `uid`) VALUES
 ('1', '3', '1', '1', '1', '1', '2016-02-05 02:57:28', '2016-02-05 02:57:28', '02673ab6-3b94-46bc-9650-5cbb32d15c1e'),
 ('2', '5', '2', '1', '1', '1', '2016-02-05 02:57:28', '2016-02-05 02:57:28', 'abc3cf2a-3061-464b-8c56-e18c66af852a'),
 ('3', '5', '2', '2', '0', '2', '2016-02-05 02:57:28', '2016-02-05 02:57:28', '933407e2-a25e-44f2-97e9-8a76b8d1d36b'),
 ('5', '8', '4', '4', '1', '1', '2016-02-16 23:55:07', '2016-02-16 23:55:07', 'fc015d4c-5c90-4e4c-be19-af224a1ff895'),
 ('6', '8', '4', '5', '1', '2', '2016-02-16 23:55:07', '2016-02-16 23:55:07', '4b550274-2ee6-4fe6-814a-5e61b98b1864'),
 ('7', '8', '4', '6', '1', '3', '2016-02-16 23:55:07', '2016-02-16 23:55:07', '4e897957-ce9f-4705-9770-813658a0460b'),
 ('8', '10', '5', '7', '1', '1', '2016-02-16 23:55:07', '2016-02-16 23:55:07', 'dbac1177-a30f-46fc-a4e0-29226dc4b501'),
 ('9', '10', '5', '8', '1', '2', '2016-02-16 23:55:07', '2016-02-16 23:55:07', 'd0214f30-8ff5-4c94-ba07-efa071e0b109'),
 ('10', '10', '5', '9', '0', '3', '2016-02-16 23:55:07', '2016-02-16 23:55:07', '31816fd7-2243-438f-96f5-99c608df0988'),
 ('11', '10', '6', '10', '0', '1', '2016-02-16 23:55:07', '2016-02-16 23:55:07', '63854987-4476-46ab-b4fe-9f944d0d163f'),
 ('12', '10', '6', '11', '0', '2', '2016-02-16 23:55:07', '2016-02-16 23:55:07', '111a7abc-541e-4b33-9b52-6ec6898a866d'),
 ('13', '10', '6', '12', '0', '3', '2016-02-16 23:55:07', '2016-02-16 23:55:07', '0a07a3ca-be74-4223-bdbc-99e816609107'),
 ('14', '10', '6', '13', '0', '4', '2016-02-16 23:55:07', '2016-02-16 23:55:07', 'c87957ed-f691-4aed-acc1-615a5f0a74bf'),
 ('16', '15', '8', '14', '0', '1', '2016-02-25 23:53:36', '2016-02-25 23:53:36', '3f9c4f19-32d8-450c-9d27-885a15cb05c1'),
 ('58', '47', '37', '20', '0', '1', '2016-03-03 20:03:18', '2016-03-03 20:03:18', 'c2b9a2c5-f2c2-4584-9ed2-041e544991bd'),
 ('59', '48', '38', '21', '0', '1', '2016-03-03 20:03:18', '2016-03-03 20:03:18', '5c9e1b6e-e4b5-4355-bf12-e065aa376764'),
 ('64', '52', '41', '24', '0', '1', '2016-03-13 18:22:08', '2016-03-13 18:22:08', '5ced10b9-3ae5-49d0-9864-d903ebb8eb0c'),
 ('65', '52', '41', '22', '0', '2', '2016-03-13 18:22:08', '2016-03-13 18:22:08', '51241fcb-d3cb-4efc-a69a-0442de8131bf'),
 ('66', '52', '41', '23', '0', '3', '2016-03-13 18:22:08', '2016-03-13 18:22:08', '74868821-51f9-4ce7-9a4d-9077fccc787a'),
 ('67', '52', '41', '1', '0', '4', '2016-03-13 18:22:08', '2016-03-13 18:22:08', '65048e99-6961-4d17-945f-cbd152b3bc18'),
 ('69', '55', '43', '1', '0', '1', '2016-03-17 09:34:37', '2016-03-17 09:34:37', '4ae0fc2a-4510-470a-b60c-343452487298'),
 ('99', '64', '52', '18', '0', '1', '2016-03-21 21:16:29', '2016-03-21 21:16:29', '22bf713c-a3d0-4854-a6c4-70c96b7867cc'),
 ('100', '64', '52', '19', '0', '2', '2016-03-21 21:16:29', '2016-03-21 21:16:29', '130f4141-5e53-407d-90da-a0eebd207024'),
 ('101', '64', '52', '3', '0', '3', '2016-03-21 21:16:29', '2016-03-21 21:16:29', 'd08dd90b-a4df-47da-a21e-825827031da2'),
 ('102', '64', '52', '15', '0', '4', '2016-03-21 21:16:29', '2016-03-21 21:16:29', '96613d9b-5968-450c-ae77-7a8bc68f0ffe'),
 ('103', '64', '52', '42', '0', '5', '2016-03-21 21:16:29', '2016-03-21 21:16:29', '103dcfea-785c-451a-8fc2-7a0de4530a8c'),
 ('104', '64', '52', '43', '0', '6', '2016-03-21 21:16:29', '2016-03-21 21:16:29', '3f7ae2ce-e542-4b6d-b065-4ac67fb66e89'),
 ('111', '68', '56', '41', '0', '1', '2016-03-22 20:50:08', '2016-03-22 20:50:08', '80da2ae3-4964-40cc-9768-47e4f95f9217'),
 ('112', '69', '57', '36', '0', '1', '2016-03-22 20:57:30', '2016-03-22 20:57:30', '6042945c-549f-4887-87e2-20b169520110'),
 ('113', '69', '57', '37', '0', '2', '2016-03-22 20:57:30', '2016-03-22 20:57:30', 'bc7697c9-e1bf-411b-beee-97b9efd695b1'),
 ('114', '69', '57', '38', '0', '3', '2016-03-22 20:57:30', '2016-03-22 20:57:30', 'e2286355-7b8e-408b-9ca8-8fd8e29598af'),
 ('115', '69', '57', '39', '0', '4', '2016-03-22 20:57:30', '2016-03-22 20:57:30', 'f68d9537-ca4e-4d60-82f4-56a9ed520cd9');



DROP TABLE IF EXISTS `craft_fieldlayouts`;


--
-- Schema for table `craft_fieldlayouts`
--
CREATE TABLE `craft_fieldlayouts` (
  `id` int(11) NOT NULL AUTO_INCREMENT,
  `type` varchar(150) COLLATE utf8_unicode_ci NOT NULL,
  `dateCreated` datetime NOT NULL,
  `dateUpdated` datetime NOT NULL,
  `uid` char(36) COLLATE utf8_unicode_ci NOT NULL DEFAULT '0',
  PRIMARY KEY (`id`),
  KEY `craft_fieldlayouts_type_idx` (`type`)
) ENGINE=InnoDB AUTO_INCREMENT=70 DEFAULT CHARSET=utf8 COLLATE=utf8_unicode_ci;

--
-- Data for table `craft_fieldlayouts`
--

INSERT INTO `craft_fieldlayouts` (`id`, `type`, `dateCreated`, `dateUpdated`, `uid`) VALUES
 ('1', 'Tag', '2016-02-05 02:57:28', '2016-02-05 02:57:28', '519bb784-88e7-4dcd-b9e5-4392e7c56b49'),
 ('3', 'Entry', '2016-02-05 02:57:28', '2016-02-05 02:57:28', 'eced58ef-1452-4412-a85b-a98ca1746f5c'),
 ('5', 'Entry', '2016-02-05 02:57:28', '2016-02-05 02:57:28', 'cb796e1c-ec68-407a-99e2-7c47747a1008'),
 ('8', 'SproutForms_Form', '2016-02-16 23:55:07', '2016-02-16 23:55:07', '55194da1-6609-4061-ba4e-a81c24a3d55d'),
 ('10', 'SproutForms_Form', '2016-02-16 23:55:07', '2016-02-16 23:55:07', 'c6c2953e-0065-485c-83c7-20da19a80c2a'),
 ('11', 'SproutForms_Form', '2016-02-17 00:05:18', '2016-02-17 00:05:18', '6be16b7d-6a98-47eb-9cc3-e7c5b08be9df'),
 ('15', 'Entry', '2016-02-25 23:53:36', '2016-02-25 23:53:36', '4929a370-9d8a-494a-82c0-24d21d85c64b'),
 ('22', 'Asset', '2016-02-29 20:44:24', '2016-02-29 20:44:24', 'c8c940c7-b678-47ee-8028-833a990a2c56'),
 ('47', 'MatrixBlock', '2016-03-03 20:03:18', '2016-03-03 20:03:18', '4ceda5b9-442b-4983-9175-b99ef138030d'),
 ('48', 'MatrixBlock', '2016-03-03 20:03:18', '2016-03-03 20:03:18', '33b903ae-6684-4de0-a210-728cdb0e3ecf'),
 ('52', 'Entry', '2016-03-13 18:22:08', '2016-03-13 18:22:08', 'fbb4e419-35be-46e5-b4b2-393327bf900c'),
 ('55', 'Entry', '2016-03-17 09:34:37', '2016-03-17 09:34:37', '5f699c0e-1b02-4b91-b874-a3a81107ea2b'),
 ('64', 'User', '2016-03-21 21:16:29', '2016-03-21 21:16:29', '53f2aff5-9378-4d72-a304-749f71e75acc'),
 ('68', 'SproutForms_Form', '2016-03-22 20:50:08', '2016-03-22 20:50:08', 'c1cb2539-8a49-448a-8f22-aa727aa7f2af'),
 ('69', 'SproutForms_Form', '2016-03-22 20:57:30', '2016-03-22 20:57:30', '51081818-5bf0-4204-b3af-d1df9fb30c69');



DROP TABLE IF EXISTS `craft_fieldlayouttabs`;


--
-- Schema for table `craft_fieldlayouttabs`
--
CREATE TABLE `craft_fieldlayouttabs` (
  `id` int(11) NOT NULL AUTO_INCREMENT,
  `layoutId` int(11) NOT NULL,
  `name` varchar(255) COLLATE utf8_unicode_ci NOT NULL,
  `sortOrder` smallint(6) unsigned DEFAULT NULL,
  `dateCreated` datetime NOT NULL,
  `dateUpdated` datetime NOT NULL,
  `uid` char(36) COLLATE utf8_unicode_ci NOT NULL DEFAULT '0',
  PRIMARY KEY (`id`),
  KEY `craft_fieldlayouttabs_sortOrder_idx` (`sortOrder`),
  KEY `craft_fieldlayouttabs_layoutId_fk` (`layoutId`)
) ENGINE=InnoDB AUTO_INCREMENT=58 DEFAULT CHARSET=utf8 COLLATE=utf8_unicode_ci;

--
-- Data for table `craft_fieldlayouttabs`
--

INSERT INTO `craft_fieldlayouttabs` (`id`, `layoutId`, `name`, `sortOrder`, `dateCreated`, `dateUpdated`, `uid`) VALUES
 ('1', '3', 'Content', '1', '2016-02-05 02:57:28', '2016-02-05 02:57:28', '59441ebb-58c3-47fa-b0e5-287141aaad84'),
 ('2', '5', 'Content', '1', '2016-02-05 02:57:28', '2016-02-05 02:57:28', '82d7681a-c7e7-405f-b5c2-a72e8e000716'),
 ('4', '8', 'Default', '1', '2016-02-16 23:55:07', '2016-02-16 23:55:07', '659dbd20-bdb7-4d67-be9b-78c8bb269a0c'),
 ('5', '10', 'Section One', '1', '2016-02-16 23:55:07', '2016-02-16 23:55:07', '6c8a0b97-e612-42d7-94ac-8cac8645b3c9'),
 ('6', '10', 'Section Two', '2', '2016-02-16 23:55:07', '2016-02-16 23:55:07', 'd43f4a47-8891-4dd6-a46a-d29238cf31c0'),
 ('8', '15', 'skills', '1', '2016-02-25 23:53:36', '2016-02-25 23:53:36', '6aeefea3-196d-476c-b722-2903e21d8997'),
 ('37', '47', 'Content', '1', '2016-03-03 20:03:18', '2016-03-03 20:03:18', '4baf571e-0693-49cf-9078-cde1daa2a629'),
 ('38', '48', 'Content', '1', '2016-03-03 20:03:18', '2016-03-03 20:03:18', 'd5f8a187-1e99-4029-9441-6d8c0ac5cefa'),
 ('41', '52', 'Tab 1', '1', '2016-03-13 18:22:08', '2016-03-13 18:22:08', 'e808e1ab-4198-459f-ab4b-f2b73a54488c'),
 ('43', '55', 'Tab 1', '1', '2016-03-17 09:34:37', '2016-03-17 09:34:37', '9f4103ce-5578-4ccc-b952-5e41dc4d3373'),
 ('52', '64', 'Profile', '1', '2016-03-21 21:16:29', '2016-03-21 21:16:29', '54abec53-ccff-4078-9074-63a872cf7ffa'),
 ('56', '68', 'Tab 1', '1', '2016-03-22 20:50:08', '2016-03-22 20:50:08', 'f60f4d24-62bb-4bca-905f-a8f42fa1b3dc'),
 ('57', '69', 'Tab 1', '1', '2016-03-22 20:57:30', '2016-03-22 20:57:30', '63809bd7-26a4-4915-a553-73fb1eeb2e09');



DROP TABLE IF EXISTS `craft_fields`;


--
-- Schema for table `craft_fields`
--
CREATE TABLE `craft_fields` (
  `id` int(11) NOT NULL AUTO_INCREMENT,
  `groupId` int(11) DEFAULT NULL,
  `name` varchar(255) COLLATE utf8_unicode_ci NOT NULL,
  `handle` varchar(58) COLLATE utf8_unicode_ci NOT NULL,
  `context` varchar(255) COLLATE utf8_unicode_ci NOT NULL DEFAULT 'global',
  `instructions` text COLLATE utf8_unicode_ci,
  `translatable` tinyint(1) unsigned NOT NULL DEFAULT '0',
  `type` varchar(150) COLLATE utf8_unicode_ci NOT NULL,
  `settings` text COLLATE utf8_unicode_ci,
  `dateCreated` datetime NOT NULL,
  `dateUpdated` datetime NOT NULL,
  `uid` char(36) COLLATE utf8_unicode_ci NOT NULL DEFAULT '0',
  PRIMARY KEY (`id`),
  UNIQUE KEY `craft_fields_handle_context_unq_idx` (`handle`,`context`),
  KEY `craft_fields_context_idx` (`context`),
  KEY `craft_fields_groupId_fk` (`groupId`)
) ENGINE=InnoDB AUTO_INCREMENT=44 DEFAULT CHARSET=utf8 COLLATE=utf8_unicode_ci;

--
-- Data for table `craft_fields`
--

INSERT INTO `craft_fields` (`id`, `groupId`, `name`, `handle`, `context`, `instructions`, `translatable`, `type`, `settings`, `dateCreated`, `dateUpdated`, `uid`) VALUES
 ('1', '1', 'Body', 'body', 'global', NULL, '1', 'RichText', '{\"configFile\":\"Standard.json\",\"columnType\":\"text\"}', '2016-02-05 02:57:28', '2016-02-05 02:57:28', '66a0db12-8d8b-4931-8bfc-67e0091f3892'),
 ('2', '1', 'Tags', 'tags', 'global', NULL, '0', 'Tags', '{\"source\":\"taggroup:1\"}', '2016-02-05 02:57:28', '2016-02-05 02:57:28', 'e0a8b32f-d41b-4e73-bed4-dcc5b506ba69'),
 ('3', '1', 'Phone Number', 'phoneNumber', 'global', 'Phone Number for user.', '0', 'PlainText', '{\"placeholder\":\"(555) 000-0000\",\"maxLength\":\"\",\"multiline\":\"\",\"initialRows\":\"4\"}', '2016-02-09 01:14:26', '2016-02-09 01:14:26', 'e11b58c3-0564-4fc5-83d6-163b89f4d802'),
 ('4', NULL, 'Full Name', 'fullName', 'sproutForms:6', NULL, '0', 'PlainText', '{\"placeholder\":\"\",\"maxLength\":\"\",\"multiline\":\"\",\"initialRows\":4}', '2016-02-16 23:55:07', '2016-02-16 23:55:07', '7df89e38-2de6-4215-bb0b-e0587adecf62'),
 ('5', NULL, 'Email', 'email', 'sproutForms:6', NULL, '0', 'PlainText', '{\"placeholder\":\"\",\"maxLength\":\"\",\"multiline\":\"\",\"initialRows\":4}', '2016-02-16 23:55:07', '2016-02-16 23:55:07', '75081eb5-b6c5-4d39-93f1-f438e8f7383a'),
 ('6', NULL, 'Message', 'message', 'sproutForms:6', NULL, '0', 'PlainText', '{\"placeholder\":\"\",\"maxLength\":\"\",\"multiline\":1,\"initialRows\":4}', '2016-02-16 23:55:07', '2016-02-16 23:55:07', 'aac9403e-2b35-4dc3-844e-43a9114a1358'),
 ('7', NULL, 'Plain Text Field', 'plainText', 'sproutForms:7', NULL, '0', 'PlainText', '{\"placeholder\":\"\",\"maxLength\":\"\",\"multiline\":0,\"initialRows\":4}', '2016-02-16 23:55:07', '2016-02-16 23:55:07', '50e7d223-919f-4220-ace1-4436b79bcef4'),
 ('8', NULL, 'Dropdown Field', 'dropdown', 'sproutForms:7', NULL, '0', 'Dropdown', '{\"options\":[{\"label\":\"Option 1\",\"value\":\"option1\",\"default\":\"\"},{\"label\":\"Option 2\",\"value\":\"option2\",\"default\":\"\"},{\"label\":\"Option 3\",\"value\":\"option3\",\"default\":\"\"}]}', '2016-02-16 23:55:07', '2016-02-16 23:55:07', 'adc30db1-85bc-49aa-9db2-0214fce2796b'),
 ('9', NULL, 'Number Field', 'number', 'sproutForms:7', NULL, '0', 'Number', '{\"min\":0,\"max\":\"\",\"decimals\":\"\"}', '2016-02-16 23:55:07', '2016-02-16 23:55:07', '70e445df-7bef-4266-892b-57536466b7ee'),
 ('10', NULL, 'Radio Buttons Field', 'radioButtons', 'sproutForms:7', NULL, '0', 'RadioButtons', '{\"options\":[{\"label\":\"Option 1\",\"value\":\"option1\",\"default\":\"\"},{\"label\":\"Option 2\",\"value\":\"option2\",\"default\":\"\"},{\"label\":\"Option 3\",\"value\":\"option3\",\"default\":\"\"}]}', '2016-02-16 23:55:07', '2016-02-16 23:55:07', '9b3b96aa-f395-4357-b106-7b8ff193adff'),
 ('11', NULL, 'Checkboxes Field', 'checkboxes', 'sproutForms:7', NULL, '0', 'Checkboxes', '{\"options\":[{\"label\":\"Option 1\",\"value\":\"option1\",\"default\":\"\"},{\"label\":\"Option 2\",\"value\":\"option2\",\"default\":\"\"},{\"label\":\"Option 3\",\"value\":\"option3\",\"default\":\"\"}]}', '2016-02-16 23:55:07', '2016-02-16 23:55:07', 'e677206d-de01-4a75-a268-ae47894ecfd3'),
 ('12', NULL, 'Multi-select Field', 'multiSelect', 'sproutForms:7', NULL, '0', 'MultiSelect', '{\"options\":[{\"label\":\"Option 1\",\"value\":\"option1\",\"default\":\"\"},{\"label\":\"Option 2\",\"value\":\"option2\",\"default\":\"\"},{\"label\":\"Option 3\",\"value\":\"option3\",\"default\":\"\"}]}', '2016-02-16 23:55:07', '2016-02-16 23:55:07', '5de19c5d-3dd9-4a22-933c-3b1d22ad7cdd'),
 ('13', NULL, 'Textarea Field', 'textarea', 'sproutForms:7', NULL, '0', 'PlainText', '{\"placeholder\":\"\",\"maxLength\":\"\",\"multiline\":1,\"initialRows\":4}', '2016-02-16 23:55:07', '2016-02-16 23:55:07', '7db2a721-8b35-43d7-99d6-156cc98fb4fb'),
 ('14', '2', 'approved', 'approved', 'global', 'Is this skill admin approved?', '0', 'Lightswitch', '{\"default\":\"\"}', '2016-02-25 23:51:34', '2016-02-25 23:57:21', '95291244-5a98-4c32-98a4-c621607e7aa1'),
 ('15', '3', 'User Skills', 'userSkills', 'global', 'The table of skills for each user.', '0', 'Matrix', '{\"maxBlocks\":null}', '2016-02-26 00:02:41', '2016-03-03 20:03:18', 'a45a02fe-785b-4e56-8506-63141615032f'),
 ('18', '3', 'Job Title', 'jobTitle', 'global', 'The user\'s job title or what they want to display in the job title location.', '0', 'PlainText', '{\"placeholder\":\"what\'s your main occupation?\",\"maxLength\":\"256\",\"multiline\":\"\",\"initialRows\":\"4\"}', '2016-02-26 00:13:55', '2016-03-21 18:36:00', '8a1b8fb3-ea69-4d4f-a038-9739e8cf2090'),
 ('19', '3', 'Bio', 'bio', 'global', 'User brief description/bio.', '0', 'PlainText', '{\"placeholder\":\"Tell the world about your background and skillset.\",\"maxLength\":\"\",\"multiline\":\"1\",\"initialRows\":\"4\"}', '2016-02-26 00:15:02', '2016-03-21 18:36:33', '94d168cd-4ce1-43ef-9fcc-d85af58720fc'),
 ('20', NULL, 'Skills', 'skills', 'matrixBlockType:2', '', '0', 'Entries', '{\"sources\":[\"section:3\"],\"limit\":\"\",\"selectionLabel\":\"\"}', '2016-03-02 09:48:26', '2016-03-03 20:03:18', '52eb3ddc-c551-4973-b382-c04fb97ba98d'),
 ('21', NULL, 'Skills', 'skills', 'matrixBlockType:3', '', '0', 'Entries', '{\"sources\":[\"section:3\"],\"limit\":\"\",\"selectionLabel\":\"\"}', '2016-03-02 09:49:09', '2016-03-03 20:03:18', 'f97b2b65-aabb-4ea0-8a9f-e0d86ec56fc3'),
 ('22', '4', 'to', 'to', 'global', 'Recipient(s) of the message.', '0', 'Users', '{\"sources\":\"*\",\"limit\":\"\",\"selectionLabel\":\"\"}', '2016-03-04 01:51:21', '2016-03-04 01:51:21', '2f7020ba-f292-4ab6-a238-e52d4f556d19'),
 ('23', '4', 'from', 'from', 'global', 'Sender of message.', '0', 'Users', '{\"sources\":\"*\",\"limit\":\"1\",\"selectionLabel\":\"\"}', '2016-03-04 01:51:54', '2016-03-04 01:51:54', '94af1364-d9b7-4ba3-8b00-60e4695d8b48'),
 ('24', '4', 'read', 'read', 'global', 'Has the user read the message.', '0', 'Lightswitch', '{\"default\":\"\"}', '2016-03-04 02:26:39', '2016-03-04 02:26:39', '26ecfd08-8cf3-4631-9552-06e9d7f2cab0'),
 ('25', NULL, 'Full Name', 'fullName', 'sproutForms:', NULL, '0', 'PlainText', '{\"placeholder\":\"\",\"maxLength\":\"\",\"multiline\":\"\",\"initialRows\":4}', '2016-03-21 18:23:00', '2016-03-21 18:23:00', 'cfc7a1fd-5e37-4f3b-8038-73ee84cc1ddc'),
 ('26', NULL, 'Email', 'email', 'sproutForms:', NULL, '0', 'PlainText', '{\"placeholder\":\"\",\"maxLength\":\"\",\"multiline\":\"\",\"initialRows\":4}', '2016-03-21 18:23:00', '2016-03-21 18:23:00', '7672ac5d-b8f1-4a9e-b247-88493194d86c'),
 ('27', NULL, 'Message', 'message', 'sproutForms:', NULL, '0', 'PlainText', '{\"placeholder\":\"\",\"maxLength\":\"\",\"multiline\":1,\"initialRows\":4}', '2016-03-21 18:23:00', '2016-03-21 18:23:00', '3b3d50ef-b19c-40cd-8faa-f45eea49e986'),
 ('28', NULL, 'Plain Text Field', 'plainText', 'sproutForms:', NULL, '0', 'PlainText', '{\"placeholder\":\"\",\"maxLength\":\"\",\"multiline\":0,\"initialRows\":4}', '2016-03-21 18:23:00', '2016-03-21 18:23:00', 'e0611d92-e0f2-4894-833a-589a0236ba6a'),
 ('29', NULL, 'Dropdown Field', 'dropdown', 'sproutForms:', NULL, '0', 'Dropdown', '{\"options\":[{\"label\":\"Option 1\",\"value\":\"option1\",\"default\":\"\"},{\"label\":\"Option 2\",\"value\":\"option2\",\"default\":\"\"},{\"label\":\"Option 3\",\"value\":\"option3\",\"default\":\"\"}]}', '2016-03-21 18:23:00', '2016-03-21 18:23:00', '21bc67cb-1b74-4146-93a9-159c80fa2a61'),
 ('30', NULL, 'Number Field', 'number', 'sproutForms:', NULL, '0', 'Number', '{\"min\":0,\"max\":\"\",\"decimals\":\"\"}', '2016-03-21 18:23:00', '2016-03-21 18:23:00', '1c65adc9-2b1a-4497-b672-0ab2f744820f'),
 ('31', NULL, 'Radio Buttons Field', 'radioButtons', 'sproutForms:', NULL, '0', 'RadioButtons', '{\"options\":[{\"label\":\"Option 1\",\"value\":\"option1\",\"default\":\"\"},{\"label\":\"Option 2\",\"value\":\"option2\",\"default\":\"\"},{\"label\":\"Option 3\",\"value\":\"option3\",\"default\":\"\"}]}', '2016-03-21 18:23:00', '2016-03-21 18:23:00', '680ee809-4e1e-4dbf-9022-21d17ffb224c'),
 ('32', NULL, 'Checkboxes Field', 'checkboxes', 'sproutForms:', NULL, '0', 'Checkboxes', '{\"options\":[{\"label\":\"Option 1\",\"value\":\"option1\",\"default\":\"\"},{\"label\":\"Option 2\",\"value\":\"option2\",\"default\":\"\"},{\"label\":\"Option 3\",\"value\":\"option3\",\"default\":\"\"}]}', '2016-03-21 18:23:00', '2016-03-21 18:23:00', '66199c97-e4ed-4102-b8de-3f0d283a3dd7'),
 ('33', NULL, 'Multi-select Field', 'multiSelect', 'sproutForms:', NULL, '0', 'MultiSelect', '{\"options\":[{\"label\":\"Option 1\",\"value\":\"option1\",\"default\":\"\"},{\"label\":\"Option 2\",\"value\":\"option2\",\"default\":\"\"},{\"label\":\"Option 3\",\"value\":\"option3\",\"default\":\"\"}]}', '2016-03-21 18:23:00', '2016-03-21 18:23:00', '33e6b677-f673-4633-942b-4b6d845ca2a2'),
 ('34', NULL, 'Textarea Field', 'textarea', 'sproutForms:', NULL, '0', 'PlainText', '{\"placeholder\":\"\",\"maxLength\":\"\",\"multiline\":1,\"initialRows\":4}', '2016-03-21 18:23:00', '2016-03-21 18:23:00', '1b2a99e0-a1ee-4b66-b2d5-60a8ff4d0995'),
 ('36', NULL, 'How did you hear about us?', 'howDidYouHearAboutUs', 'sproutForms:889', '', '0', 'PlainText', '{\"placeholder\":\"\",\"maxLength\":\"\",\"multiline\":\"\",\"initialRows\":\"4\"}', '2016-03-21 18:26:36', '2016-03-21 18:26:36', '1a6d4864-88c7-4fbf-8d47-eb393315767b'),
 ('37', NULL, 'What is the average airspeed velocity of an unladen swallow?', 'whatIsTheAverageAirspeedVelocityOfAnUnladenSwallow', 'sproutForms:889', '', '0', 'Dropdown', '{\"options\":[{\"label\":\"African?\",\"value\":\"african\",\"default\":\"\"},{\"label\":\"European?\",\"value\":\"european\",\"default\":\"\"},{\"label\":\"I don\'t know that\",\"value\":\"iDontKnowThat\",\"default\":\"1\"}]}', '2016-03-21 18:28:10', '2016-03-21 22:00:56', '47bc5e37-08e7-4acf-a534-0b06850bc123'),
 ('38', NULL, 'Did you get that reference?', 'didYouGetThatReference', 'sproutForms:889', '', '0', 'RadioButtons', '{\"options\":[{\"label\":\"yes\",\"value\":\"yes\",\"default\":\"\"},{\"label\":\"no\",\"value\":\"no\",\"default\":\"1\"}]}', '2016-03-21 18:29:01', '2016-03-21 18:29:01', 'af666092-7d72-43a1-bd0a-2dea7fcaea6f'),
 ('39', NULL, 'What genres of music do you listen to?', 'whatGenresOfMusicDoYouListenTo', 'sproutForms:889', '', '0', 'Checkboxes', '{\"options\":[{\"label\":\"Classical\",\"value\":\"classical\",\"default\":\"\"},{\"label\":\"Country\",\"value\":\"country\",\"default\":\"\"},{\"label\":\"Dubstep\",\"value\":\"dubstep\",\"default\":\"\"},{\"label\":\"Chiptunes\",\"value\":\"chiptunes\",\"default\":\"\"},{\"label\":\"BritPop\",\"value\":\"britpop\",\"default\":\"\"}]}', '2016-03-21 18:30:34', '2016-03-21 18:31:09', '02a62aaa-0889-496c-a015-b5fa48c9dc87'),
 ('41', NULL, 'How about a simpler survey?', 'howAboutASimplerSurvey', 'sproutForms:890', '', '0', 'Dropdown', '{\"options\":[{\"label\":\"That sounds like the bee\'s knees!\",\"value\":\"yes\",\"default\":\"1\"},{\"label\":\"No sir... I didn\'t like it. *neighs\",\"value\":\"no\",\"default\":\"\"}]}', '2016-03-21 18:48:48', '2016-03-22 20:50:08', 'd3115155-67c3-47a1-a160-81ed5306bd49'),
 ('42', '3', 'Completed Surveys', 'completedSurveys', 'global', '', '0', 'Table', '{\"columns\":{\"col1\":{\"heading\":\"Form Id\",\"handle\":\"formId\",\"width\":\"\",\"type\":\"number\"}},\"defaults\":{\"row1\":{\"col1\":\"\"}}}', '2016-03-21 19:31:38', '2016-03-21 19:31:38', '152cff03-384a-49ff-bd5b-ae9bffdec069'),
 ('43', '3', 'Followed Users', 'followedUsers', 'global', '', '0', 'Users', '{\"sources\":[\"group:1\"],\"limit\":\"\",\"selectionLabel\":\"\"}', '2016-03-21 21:15:43', '2016-03-21 21:15:43', '479821e3-12fa-40b6-8211-8ec5489121e8');



DROP TABLE IF EXISTS `craft_globalsets`;


--
-- Schema for table `craft_globalsets`
--
CREATE TABLE `craft_globalsets` (
  `id` int(11) NOT NULL,
  `name` varchar(255) COLLATE utf8_unicode_ci NOT NULL,
  `handle` varchar(255) COLLATE utf8_unicode_ci NOT NULL,
  `fieldLayoutId` int(10) DEFAULT NULL,
  `dateCreated` datetime NOT NULL,
  `dateUpdated` datetime NOT NULL,
  `uid` char(36) COLLATE utf8_unicode_ci NOT NULL DEFAULT '0',
  PRIMARY KEY (`id`),
  UNIQUE KEY `craft_globalsets_name_unq_idx` (`name`),
  UNIQUE KEY `craft_globalsets_handle_unq_idx` (`handle`),
  KEY `craft_globalsets_fieldLayoutId_fk` (`fieldLayoutId`)
) ENGINE=InnoDB DEFAULT CHARSET=utf8 COLLATE=utf8_unicode_ci;

DROP TABLE IF EXISTS `craft_info`;


--
-- Schema for table `craft_info`
--
CREATE TABLE `craft_info` (
  `id` int(11) NOT NULL AUTO_INCREMENT,
  `version` varchar(15) COLLATE utf8_unicode_ci NOT NULL,
  `build` int(11) unsigned NOT NULL,
  `schemaVersion` varchar(15) COLLATE utf8_unicode_ci NOT NULL,
  `releaseDate` datetime NOT NULL,
  `edition` tinyint(1) unsigned NOT NULL DEFAULT '0',
  `siteName` varchar(100) COLLATE utf8_unicode_ci NOT NULL,
  `siteUrl` varchar(255) COLLATE utf8_unicode_ci NOT NULL,
  `timezone` varchar(30) COLLATE utf8_unicode_ci DEFAULT NULL,
  `on` tinyint(1) unsigned NOT NULL DEFAULT '0',
  `maintenance` tinyint(1) unsigned NOT NULL DEFAULT '0',
  `track` varchar(40) COLLATE utf8_unicode_ci NOT NULL,
  `dateCreated` datetime NOT NULL,
  `dateUpdated` datetime NOT NULL,
  `uid` char(36) COLLATE utf8_unicode_ci NOT NULL DEFAULT '0',
  PRIMARY KEY (`id`)
) ENGINE=InnoDB AUTO_INCREMENT=2 DEFAULT CHARSET=utf8 COLLATE=utf8_unicode_ci;

--
-- Data for table `craft_info`
--

INSERT INTO `craft_info` (`id`, `version`, `build`, `schemaVersion`, `releaseDate`, `edition`, `siteName`, `siteUrl`, `timezone`, `on`, `maintenance`, `track`, `dateCreated`, `dateUpdated`, `uid`) VALUES
 ('1', '2.6', '2780', '2.6.3', '2016-04-05 21:38:27', '2', 'Partneur', 'http://test.partneur.dr2dev.com', 'UTC', '1', '0', 'stable', '2016-02-05 02:57:26', '2016-04-10 18:52:17', 'b881d6d3-4c28-4639-bf20-bf6f75f0157e');



DROP TABLE IF EXISTS `craft_locales`;


--
-- Schema for table `craft_locales`
--
CREATE TABLE `craft_locales` (
  `locale` char(12) COLLATE utf8_unicode_ci NOT NULL,
  `sortOrder` smallint(6) unsigned DEFAULT NULL,
  `dateCreated` datetime NOT NULL,
  `dateUpdated` datetime NOT NULL,
  `uid` char(36) COLLATE utf8_unicode_ci NOT NULL DEFAULT '0',
  PRIMARY KEY (`locale`),
  KEY `craft_locales_sortOrder_idx` (`sortOrder`)
) ENGINE=InnoDB DEFAULT CHARSET=utf8 COLLATE=utf8_unicode_ci;

--
-- Data for table `craft_locales`
--

INSERT INTO `craft_locales` (`locale`, `sortOrder`, `dateCreated`, `dateUpdated`, `uid`) VALUES
 ('en_us', '1', '2016-02-05 02:57:27', '2016-02-05 02:57:27', 'f191c3df-d361-4d8b-adbe-2c8c662d08bf');



DROP TABLE IF EXISTS `craft_matrixblocks`;


--
-- Schema for table `craft_matrixblocks`
--
CREATE TABLE `craft_matrixblocks` (
  `id` int(11) NOT NULL,
  `ownerId` int(11) NOT NULL,
  `fieldId` int(11) NOT NULL,
  `typeId` int(11) DEFAULT NULL,
  `sortOrder` smallint(6) unsigned DEFAULT NULL,
  `ownerLocale` char(12) COLLATE utf8_unicode_ci DEFAULT NULL,
  `dateCreated` datetime NOT NULL,
  `dateUpdated` datetime NOT NULL,
  `uid` char(36) COLLATE utf8_unicode_ci NOT NULL DEFAULT '0',
  PRIMARY KEY (`id`),
  KEY `craft_matrixblocks_ownerId_idx` (`ownerId`),
  KEY `craft_matrixblocks_fieldId_idx` (`fieldId`),
  KEY `craft_matrixblocks_typeId_idx` (`typeId`),
  KEY `craft_matrixblocks_sortOrder_idx` (`sortOrder`),
  KEY `craft_matrixblocks_ownerLocale_fk` (`ownerLocale`)
) ENGINE=InnoDB DEFAULT CHARSET=utf8 COLLATE=utf8_unicode_ci;

--
-- Data for table `craft_matrixblocks`
--

INSERT INTO `craft_matrixblocks` (`id`, `ownerId`, `fieldId`, `typeId`, `sortOrder`, `ownerLocale`, `dateCreated`, `dateUpdated`, `uid`) VALUES
 ('846', '4', '15', '2', '1', NULL, '2016-03-19 21:49:58', '2016-03-22 20:30:51', '9c1843f5-62a9-43c7-89c3-447c322b89d4'),
 ('847', '4', '15', '3', '2', NULL, '2016-03-19 21:49:58', '2016-03-22 20:30:51', 'ffddc76e-f5c5-4585-96f3-b85f7b2e9a00'),
 ('852', '1', '15', '2', '1', NULL, '2016-03-20 19:27:33', '2016-03-22 21:01:31', '794ab012-bb75-4a38-8ac0-a16ce1962635'),
 ('853', '1', '15', '3', '2', NULL, '2016-03-20 19:27:33', '2016-03-22 21:01:31', '7729f878-44b6-4752-9c55-6fde72ec5d51'),
 ('874', '851', '15', '2', '1', NULL, '2016-03-20 19:50:06', '2016-03-22 20:30:14', '532733a6-0840-4f79-87a0-d4ce865e7a1a'),
 ('875', '851', '15', '3', '2', NULL, '2016-03-20 19:50:06', '2016-03-22 20:30:14', '878f0f7d-5597-4c96-99a4-d8b320b6222e'),
 ('886', '880', '15', '2', '1', NULL, '2016-03-20 23:11:58', '2016-03-21 18:34:45', 'fe11e2de-c0d7-4d84-811f-e8b0759c8636'),
 ('887', '880', '15', '3', '2', NULL, '2016-03-20 23:11:58', '2016-03-21 18:34:45', 'a045973c-b3db-4d1e-9180-633f45a2591c'),
 ('923', '921', '15', '2', '1', NULL, '2016-03-23 00:41:27', '2016-03-23 00:41:27', 'cc47d6b3-1a8d-42e4-91bd-aca5f6ed0a8f'),
 ('924', '921', '15', '3', '2', NULL, '2016-03-23 00:41:27', '2016-03-23 00:41:27', 'd15509e6-f342-4edf-b4eb-abbf0bdccae2'),
 ('927', '922', '15', '2', '1', NULL, '2016-03-23 00:41:36', '2016-03-23 00:41:36', '26669988-a058-4fad-aa13-41dc56e74ac2'),
 ('928', '922', '15', '3', '2', NULL, '2016-03-23 00:41:36', '2016-03-23 00:41:36', 'a3a26c47-6c75-475c-b35b-056937f8704c'),
 ('937', '877', '15', '2', '1', NULL, '2016-03-23 01:57:44', '2016-03-23 01:57:44', '16c12b48-edce-4ee9-90ef-207c60b21ce9'),
 ('938', '877', '15', '3', '2', NULL, '2016-03-23 01:57:45', '2016-03-23 01:57:45', 'bb34e55e-0f37-44f3-9696-48742716f7a7'),
 ('940', '905', '15', '2', '1', NULL, '2016-03-25 03:02:32', '2016-04-10 19:06:11', 'a30eb3a7-03f2-40fb-91f2-4f3a5abcb09f'),
 ('941', '905', '15', '3', '2', NULL, '2016-03-25 03:02:32', '2016-04-10 19:06:11', 'f33c2789-7e9d-46b6-9cec-b5cb758154e9'),
 ('947', '817', '15', '2', '1', NULL, '2016-03-26 19:39:13', '2016-03-26 19:39:13', '1b41fb5d-88c2-468b-813d-e6b2814e0484'),
 ('948', '817', '15', '3', '2', NULL, '2016-03-26 19:39:13', '2016-03-26 19:39:13', 'c3ed7540-9c58-4d84-a4a9-22e199c10646');



DROP TABLE IF EXISTS `craft_matrixblocktypes`;


--
-- Schema for table `craft_matrixblocktypes`
--
CREATE TABLE `craft_matrixblocktypes` (
  `id` int(11) NOT NULL AUTO_INCREMENT,
  `fieldId` int(11) NOT NULL,
  `fieldLayoutId` int(11) DEFAULT NULL,
  `name` varchar(255) COLLATE utf8_unicode_ci NOT NULL,
  `handle` varchar(255) COLLATE utf8_unicode_ci NOT NULL,
  `sortOrder` smallint(6) unsigned DEFAULT NULL,
  `dateCreated` datetime NOT NULL,
  `dateUpdated` datetime NOT NULL,
  `uid` char(36) COLLATE utf8_unicode_ci NOT NULL DEFAULT '0',
  PRIMARY KEY (`id`),
  UNIQUE KEY `craft_matrixblocktypes_name_fieldId_unq_idx` (`name`,`fieldId`),
  UNIQUE KEY `craft_matrixblocktypes_handle_fieldId_unq_idx` (`handle`,`fieldId`),
  KEY `craft_matrixblocktypes_fieldId_fk` (`fieldId`),
  KEY `craft_matrixblocktypes_fieldLayoutId_fk` (`fieldLayoutId`)
) ENGINE=InnoDB AUTO_INCREMENT=4 DEFAULT CHARSET=utf8 COLLATE=utf8_unicode_ci;

--
-- Data for table `craft_matrixblocktypes`
--

INSERT INTO `craft_matrixblocktypes` (`id`, `fieldId`, `fieldLayoutId`, `name`, `handle`, `sortOrder`, `dateCreated`, `dateUpdated`, `uid`) VALUES
 ('2', '15', '47', 'Favorite Skills', 'favoriteskills', '1', '2016-03-02 09:48:26', '2016-03-03 20:03:18', '1afe4fd5-5179-43f7-8b57-a665f1500a55'),
 ('3', '15', '48', 'Regular Skills', 'regularskills', '2', '2016-03-02 09:49:09', '2016-03-03 20:03:18', 'e2d1ca75-4e57-42ea-a49d-07fa88657ac6');



DROP TABLE IF EXISTS `craft_matrixcontent_userskills`;


--
-- Schema for table `craft_matrixcontent_userskills`
--
CREATE TABLE `craft_matrixcontent_userskills` (
  `id` int(11) NOT NULL AUTO_INCREMENT,
  `elementId` int(11) NOT NULL,
  `locale` char(12) COLLATE utf8_unicode_ci NOT NULL,
  `dateCreated` datetime NOT NULL,
  `dateUpdated` datetime NOT NULL,
  `uid` char(36) COLLATE utf8_unicode_ci NOT NULL DEFAULT '0',
  PRIMARY KEY (`id`),
  UNIQUE KEY `craft_matrixcontent_userskills_elementId_locale_unq_idx` (`elementId`,`locale`),
  KEY `craft_matrixcontent_userskills_locale_fk` (`locale`)
) ENGINE=InnoDB AUTO_INCREMENT=131 DEFAULT CHARSET=utf8 COLLATE=utf8_unicode_ci;

--
-- Data for table `craft_matrixcontent_userskills`
--

INSERT INTO `craft_matrixcontent_userskills` (`id`, `elementId`, `locale`, `dateCreated`, `dateUpdated`, `uid`) VALUES
 ('81', '846', 'en_us', '2016-03-19 21:49:58', '2016-03-22 20:30:51', '318f6777-581f-4a55-89ba-b0489fe38e90'),
 ('82', '847', 'en_us', '2016-03-19 21:49:58', '2016-03-22 20:30:51', 'f8adb48b-74f5-46a9-801e-07aeda24ef8c'),
 ('83', '852', 'en_us', '2016-03-20 19:27:33', '2016-03-22 21:01:31', 'e828628f-37ef-43a6-bb2f-5c69c66ff480'),
 ('84', '853', 'en_us', '2016-03-20 19:27:33', '2016-03-22 21:01:31', '3a8c8711-bf38-47b1-ba50-8d4e80fe0759'),
 ('105', '874', 'en_us', '2016-03-20 19:50:06', '2016-03-22 20:30:14', '9f76c350-6d60-4d0e-a359-fb0267cb6d73'),
 ('106', '875', 'en_us', '2016-03-20 19:50:06', '2016-03-22 20:30:14', '21e57f62-8937-4a93-9b76-4fda7424055f'),
 ('113', '886', 'en_us', '2016-03-20 23:11:58', '2016-03-21 18:34:45', '6734ecca-4557-4980-ada5-a26eb7932151'),
 ('114', '887', 'en_us', '2016-03-20 23:11:58', '2016-03-21 18:34:45', 'ff40b2bc-d66f-4397-a788-d04ba248f439'),
 ('119', '923', 'en_us', '2016-03-23 00:41:27', '2016-03-23 00:41:27', 'e8eac4ce-a6d0-4737-8fb0-5e6e4931b871'),
 ('120', '924', 'en_us', '2016-03-23 00:41:27', '2016-03-23 00:41:27', 'b625e42b-1828-4116-99f1-132fc8be2a97'),
 ('121', '927', 'en_us', '2016-03-23 00:41:36', '2016-03-23 00:41:36', '3434b3fa-fd7e-4162-a22f-2f9774969840'),
 ('122', '928', 'en_us', '2016-03-23 00:41:36', '2016-03-23 00:41:36', '8966d454-d19f-4fa6-bbda-4af4f8292f44'),
 ('125', '937', 'en_us', '2016-03-23 01:57:44', '2016-03-23 01:57:44', 'fbbcd495-4b99-42d9-9d88-c61146e3b942'),
 ('126', '938', 'en_us', '2016-03-23 01:57:45', '2016-03-23 01:57:45', '08699d8f-905b-43fa-a473-26eaddc32a62'),
 ('127', '940', 'en_us', '2016-03-25 03:02:32', '2016-04-10 19:06:11', '0cbf2b5e-51b4-45fc-be15-ecff0c1a4eec'),
 ('128', '941', 'en_us', '2016-03-25 03:02:32', '2016-04-10 19:06:11', 'dc57e1ef-6036-47c8-9f2b-23f8303794f2'),
 ('129', '947', 'en_us', '2016-03-26 19:39:13', '2016-03-26 19:39:13', '4977f141-f01c-470f-9cd7-e98f7e9e076c'),
 ('130', '948', 'en_us', '2016-03-26 19:39:13', '2016-03-26 19:39:13', '57b66db7-35b4-414f-9670-53c246c82b1f');



DROP TABLE IF EXISTS `craft_migrations`;


--
-- Schema for table `craft_migrations`
--
CREATE TABLE `craft_migrations` (
  `id` int(11) NOT NULL AUTO_INCREMENT,
  `pluginId` int(11) DEFAULT NULL,
  `version` varchar(255) COLLATE utf8_unicode_ci NOT NULL,
  `applyTime` datetime NOT NULL,
  `dateCreated` datetime NOT NULL,
  `dateUpdated` datetime NOT NULL,
  `uid` char(36) COLLATE utf8_unicode_ci NOT NULL DEFAULT '0',
  PRIMARY KEY (`id`),
  UNIQUE KEY `craft_migrations_version_unq_idx` (`version`),
  KEY `craft_migrations_pluginId_fk` (`pluginId`)
) ENGINE=InnoDB AUTO_INCREMENT=40 DEFAULT CHARSET=utf8 COLLATE=utf8_unicode_ci;

--
-- Data for table `craft_migrations`
--

INSERT INTO `craft_migrations` (`id`, `pluginId`, `version`, `applyTime`, `dateCreated`, `dateUpdated`, `uid`) VALUES
 ('1', NULL, 'm000000_000000_base', '2016-02-05 02:57:27', '2016-02-05 02:57:27', '2016-02-05 02:57:27', '8e3aaf8c-ed4f-4561-ae2c-73e0d0e7450e'),
 ('2', NULL, 'm140730_000001_add_filename_and_format_to_transformindex', '2016-02-05 02:57:27', '2016-02-05 02:57:27', '2016-02-05 02:57:27', '228880df-844f-4dfe-a662-54178656870c'),
 ('3', NULL, 'm140815_000001_add_format_to_transforms', '2016-02-05 02:57:27', '2016-02-05 02:57:27', '2016-02-05 02:57:27', '7c5358fa-bbeb-44ce-b5ee-e05e3d1bb728'),
 ('4', NULL, 'm140822_000001_allow_more_than_128_items_per_field', '2016-02-05 02:57:27', '2016-02-05 02:57:27', '2016-02-05 02:57:27', '95a69b55-09d9-44ed-a8a9-7e9f7f891b19'),
 ('5', NULL, 'm140829_000001_single_title_formats', '2016-02-05 02:57:27', '2016-02-05 02:57:27', '2016-02-05 02:57:27', 'f2505b5f-2944-47e8-ac9e-1f594c815c9f'),
 ('6', NULL, 'm140831_000001_extended_cache_keys', '2016-02-05 02:57:27', '2016-02-05 02:57:27', '2016-02-05 02:57:27', 'c890a9f6-2ed5-4306-9f4a-8444e89c58e5'),
 ('7', NULL, 'm140922_000001_delete_orphaned_matrix_blocks', '2016-02-05 02:57:27', '2016-02-05 02:57:27', '2016-02-05 02:57:27', '33c545c7-f811-4dd2-ad18-b795bd8f6a78'),
 ('8', NULL, 'm141008_000001_elements_index_tune', '2016-02-05 02:57:27', '2016-02-05 02:57:27', '2016-02-05 02:57:27', '863b1162-2007-4886-8c8a-c5dfff783eb7'),
 ('9', NULL, 'm141009_000001_assets_source_handle', '2016-02-05 02:57:27', '2016-02-05 02:57:27', '2016-02-05 02:57:27', '5fba0901-8154-4e58-a720-b1eda39b56b4'),
 ('10', NULL, 'm141024_000001_field_layout_tabs', '2016-02-05 02:57:27', '2016-02-05 02:57:27', '2016-02-05 02:57:27', '9dc5453d-e9df-4f1b-8d19-87ea0f98fd38'),
 ('11', NULL, 'm141030_000001_drop_structure_move_permission', '2016-02-05 02:57:27', '2016-02-05 02:57:27', '2016-02-05 02:57:27', '8eb2fbca-466a-4d40-a768-dcbcf928805a'),
 ('12', NULL, 'm141103_000001_tag_titles', '2016-02-05 02:57:27', '2016-02-05 02:57:27', '2016-02-05 02:57:27', 'c60c08d8-a30a-4de6-9011-b32d0c32665d'),
 ('13', NULL, 'm141109_000001_user_status_shuffle', '2016-02-05 02:57:27', '2016-02-05 02:57:27', '2016-02-05 02:57:27', '06ff1c52-eb54-41ec-8225-6335850eec33'),
 ('14', NULL, 'm141126_000001_user_week_start_day', '2016-02-05 02:57:27', '2016-02-05 02:57:27', '2016-02-05 02:57:27', 'd320dfd9-af27-4975-83cd-57fd3e060a4c'),
 ('15', NULL, 'm150210_000001_adjust_user_photo_size', '2016-02-05 02:57:27', '2016-02-05 02:57:27', '2016-02-05 02:57:27', '93ffc5fd-4d6c-41fd-8ff5-a458050da1f3'),
 ('16', NULL, 'm141030_000000_plugin_schema_versions', '2016-02-05 02:58:09', '2016-02-05 02:58:09', '2016-02-05 02:58:09', 'e36b124d-d884-4d3c-af84-4c1bbc504605'),
 ('17', NULL, 'm150724_000001_adjust_quality_settings', '2016-02-05 02:58:09', '2016-02-05 02:58:09', '2016-02-05 02:58:09', '7c28629e-26dd-4b0b-a2e1-d3fed3a39e51'),
 ('18', NULL, 'm150827_000000_element_index_settings', '2016-02-05 02:58:09', '2016-02-05 02:58:09', '2016-02-05 02:58:09', '1de48a65-03c5-490e-94e7-54835b778acc'),
 ('19', NULL, 'm150918_000001_add_colspan_to_widgets', '2016-02-05 02:58:09', '2016-02-05 02:58:09', '2016-02-05 02:58:09', '58fd8de0-fa98-4ed3-86f0-83760c58cbb1'),
 ('20', NULL, 'm151007_000000_clear_asset_caches', '2016-02-05 02:58:09', '2016-02-05 02:58:09', '2016-02-05 02:58:09', '24acbd63-f8be-4ef4-978f-87fb68c02b71'),
 ('21', NULL, 'm151109_000000_text_url_formats', '2016-02-05 02:58:09', '2016-02-05 02:58:09', '2016-02-05 02:58:09', 'eb32a705-3d95-451f-b33d-8a3df85e213e'),
 ('22', NULL, 'm151110_000000_move_logo', '2016-02-05 02:58:09', '2016-02-05 02:58:09', '2016-02-05 02:58:09', '28b1c093-ee00-4944-84af-29262d8694b0'),
 ('23', NULL, 'm151117_000000_adjust_image_widthheight', '2016-02-05 02:58:09', '2016-02-05 02:58:09', '2016-02-05 02:58:09', 'f24e88a3-23b0-4788-8026-9faba8a2be17'),
 ('24', NULL, 'm151127_000000_clear_license_key_status', '2016-02-05 02:58:09', '2016-02-05 02:58:09', '2016-02-05 02:58:09', '8bcfc45c-8bf6-4602-8106-2b42b8dc1342'),
 ('25', NULL, 'm151127_000000_plugin_license_keys', '2016-02-05 02:58:09', '2016-02-05 02:58:09', '2016-02-05 02:58:09', 'e2679138-0764-4342-aa82-f90b3284f909'),
 ('26', NULL, 'm151130_000000_update_pt_widget_feeds', '2016-02-05 02:58:09', '2016-02-05 02:58:09', '2016-02-05 02:58:09', 'f96c0564-04ae-4160-8299-616283b100aa'),
 ('27', '2', 'm141026_000000_sproutForms_addFormGroupsTable', '2016-02-16 23:54:30', '2016-02-16 23:54:30', '2016-02-16 23:54:30', '22369626-a009-410a-988a-2abd85b433b5'),
 ('28', '2', 'm141026_020000_sproutForms_renameOldFormsTableAndCreateNewFormsTable', '2016-02-16 23:54:30', '2016-02-16 23:54:30', '2016-02-16 23:54:30', '6f2443ba-880a-4757-b696-63129eeaab02'),
 ('29', '2', 'm141026_030000_sproutForms_addFormEntryTable', '2016-02-16 23:54:30', '2016-02-16 23:54:30', '2016-02-16 23:54:30', '43075667-a0eb-4d05-b2f3-efb9b1a7d5aa'),
 ('30', '2', 'm141026_060000_sproutForms_migrateFieldsFormsAndEntries', '2016-02-16 23:54:30', '2016-02-16 23:54:30', '2016-02-16 23:54:30', '994d69cb-4acd-4726-8fca-6bb064148ea0'),
 ('31', '2', 'm150418_000000_sproutForms_addNotificationEnabledSetting', '2016-02-16 23:54:30', '2016-02-16 23:54:30', '2016-02-16 23:54:30', '4b740e4f-fc14-4283-86aa-ee929bbc212a'),
 ('32', '2', 'm150629_000000_sproutForms_updateSproutEmailNotificationOptionsFormat', '2016-02-16 23:54:30', '2016-02-16 23:54:30', '2016-02-16 23:54:30', '50a3cd08-905d-4bfa-a3fa-f91afea21f46'),
 ('33', '2', 'm151006_000000_sproutForms_addTemplateOverrides', '2016-02-16 23:54:30', '2016-02-16 23:54:30', '2016-02-16 23:54:30', '1dd062ec-b12e-4a09-ac00-1438a0a96353'),
 ('34', '2', 'm151007_000000_sproutForms_addFileAttachments', '2016-02-16 23:54:30', '2016-02-16 23:54:30', '2016-02-16 23:54:30', '6a708434-6bf4-4257-a7d9-7711020360f7'),
 ('35', NULL, 'm160223_000000_sortorder_to_smallint', '2016-02-25 23:33:57', '2016-02-25 23:33:57', '2016-02-25 23:33:57', '37d70528-a4dd-42b6-a18e-5fb1035a43bf'),
 ('36', NULL, 'm160114_000000_asset_sources_public_url_default_true', '2016-03-12 03:02:22', '2016-03-12 03:02:22', '2016-03-12 03:02:22', 'af3899dd-2c0b-483c-a291-06ade0a83fb2'),
 ('37', NULL, 'm160229_000000_set_default_entry_statuses', '2016-03-12 03:02:22', '2016-03-12 03:02:22', '2016-03-12 03:02:22', 'ca9cf345-0585-4456-a9a2-7a85d66634dc'),
 ('38', NULL, 'm160304_000000_client_permissions', '2016-03-12 03:02:22', '2016-03-12 03:02:22', '2016-03-12 03:02:22', '304949da-fd6c-4daf-b19f-f1f3a0b4a9ab'),
 ('39', NULL, 'm160322_000000_asset_filesize', '2016-04-10 18:52:17', '2016-04-10 18:52:17', '2016-04-10 18:52:17', '58ba107b-b3ea-4d58-8424-a1ee75a9829f');



DROP TABLE IF EXISTS `craft_plugins`;


--
-- Schema for table `craft_plugins`
--
CREATE TABLE `craft_plugins` (
  `id` int(11) NOT NULL AUTO_INCREMENT,
  `class` varchar(150) COLLATE utf8_unicode_ci NOT NULL,
  `version` varchar(15) COLLATE utf8_unicode_ci NOT NULL,
  `schemaVersion` varchar(15) COLLATE utf8_unicode_ci DEFAULT NULL,
  `licenseKey` char(24) COLLATE utf8_unicode_ci DEFAULT NULL,
  `licenseKeyStatus` enum('valid','invalid','mismatched','unknown') COLLATE utf8_unicode_ci NOT NULL DEFAULT 'unknown',
  `enabled` tinyint(1) unsigned NOT NULL DEFAULT '0',
  `settings` text COLLATE utf8_unicode_ci,
  `installDate` datetime NOT NULL,
  `dateCreated` datetime NOT NULL,
  `dateUpdated` datetime NOT NULL,
  `uid` char(36) COLLATE utf8_unicode_ci NOT NULL DEFAULT '0',
  PRIMARY KEY (`id`)
) ENGINE=InnoDB AUTO_INCREMENT=8 DEFAULT CHARSET=utf8 COLLATE=utf8_unicode_ci;

--
-- Data for table `craft_plugins`
--

INSERT INTO `craft_plugins` (`id`, `class`, `version`, `schemaVersion`, `licenseKey`, `licenseKeyStatus`, `enabled`, `settings`, `installDate`, `dateCreated`, `dateUpdated`, `uid`) VALUES
 ('2', 'SproutForms', '2.2.2', '2.1.1', NULL, 'unknown', '1', '{\"templateFolderOverride\":\"_sprout_forms\",\"pluginNameOverride\":\"Form Builder\"}', '2016-02-16 23:54:30', '2016-02-16 23:54:30', '2016-04-12 23:51:18', '1b47f641-29a6-4cbb-89d3-4856eea8cf7f'),
 ('3', 'Inspector', '1.0', NULL, NULL, 'unknown', '1', NULL, '2016-02-29 20:57:08', '2016-02-29 20:57:08', '2016-04-12 23:51:18', 'ef979485-ffdd-43ca-9a77-53c7861a2447'),
 ('7', 'Partneur', '0.7', NULL, NULL, 'unknown', '1', NULL, '2016-03-13 17:55:52', '2016-03-13 17:55:52', '2016-04-12 23:51:18', '4180f44a-681a-454f-9d1c-97029e4e75cb');



DROP TABLE IF EXISTS `craft_rackspaceaccess`;


--
-- Schema for table `craft_rackspaceaccess`
--
CREATE TABLE `craft_rackspaceaccess` (
  `id` int(11) NOT NULL AUTO_INCREMENT,
  `connectionKey` varchar(255) COLLATE utf8_unicode_ci NOT NULL,
  `token` varchar(255) COLLATE utf8_unicode_ci NOT NULL,
  `storageUrl` varchar(255) COLLATE utf8_unicode_ci NOT NULL,
  `cdnUrl` varchar(255) COLLATE utf8_unicode_ci NOT NULL,
  `dateCreated` datetime NOT NULL,
  `dateUpdated` datetime NOT NULL,
  `uid` char(36) COLLATE utf8_unicode_ci NOT NULL DEFAULT '0',
  PRIMARY KEY (`id`),
  UNIQUE KEY `craft_rackspaceaccess_connectionKey_unq_idx` (`connectionKey`)
) ENGINE=InnoDB DEFAULT CHARSET=utf8 COLLATE=utf8_unicode_ci;

DROP TABLE IF EXISTS `craft_relations`;


--
-- Schema for table `craft_relations`
--
CREATE TABLE `craft_relations` (
  `id` int(11) NOT NULL AUTO_INCREMENT,
  `fieldId` int(11) NOT NULL,
  `sourceId` int(11) NOT NULL,
  `sourceLocale` char(12) COLLATE utf8_unicode_ci DEFAULT NULL,
  `targetId` int(11) NOT NULL,
  `sortOrder` smallint(6) DEFAULT NULL,
  `dateCreated` datetime NOT NULL,
  `dateUpdated` datetime NOT NULL,
  `uid` char(36) COLLATE utf8_unicode_ci NOT NULL DEFAULT '0',
  PRIMARY KEY (`id`),
  UNIQUE KEY `craft_relations_fieldId_sourceId_sourceLocale_targetId_unq_idx` (`fieldId`,`sourceId`,`sourceLocale`,`targetId`),
  KEY `craft_relations_sourceId_fk` (`sourceId`),
  KEY `craft_relations_sourceLocale_fk` (`sourceLocale`),
  KEY `craft_relations_targetId_fk` (`targetId`)
) ENGINE=InnoDB AUTO_INCREMENT=545 DEFAULT CHARSET=utf8 COLLATE=utf8_unicode_ci;

--
-- Data for table `craft_relations`
--

INSERT INTO `craft_relations` (`id`, `fieldId`, `sourceId`, `sourceLocale`, `targetId`, `sortOrder`, `dateCreated`, `dateUpdated`, `uid`) VALUES
 ('45', '22', '33', NULL, '4', '1', '2016-03-08 00:11:03', '2016-03-08 00:11:03', '1241a2b3-6f08-4606-9abb-00263c7c8840'),
 ('46', '23', '33', NULL, '4', '1', '2016-03-08 00:11:03', '2016-03-08 00:11:03', '6516a114-1bda-4d25-aee1-dafa949f73d9'),
 ('243', '22', '29', NULL, '1', '1', '2016-03-13 18:25:59', '2016-03-13 18:25:59', '4044ec27-3d2e-4a41-9f08-f6c4b57ae294'),
 ('244', '23', '29', NULL, '4', '1', '2016-03-13 18:25:59', '2016-03-13 18:25:59', '1eb7a842-d280-4005-992b-0671150c00c7'),
 ('274', '22', '816', NULL, '1', '1', '2016-03-17 07:50:39', '2016-03-17 07:50:39', '4d399095-d9c0-45fc-b2d5-115e21db48e6'),
 ('275', '23', '816', NULL, '1', '1', '2016-03-17 07:50:39', '2016-03-17 07:50:39', '0e72b15d-0f51-42cf-a57d-fb0e4f81ac5c'),
 ('276', '22', '826', NULL, '1', '1', '2016-03-17 08:07:00', '2016-03-17 08:07:00', '0c0a0092-d12f-4746-88e0-59ac64ff187b'),
 ('277', '23', '826', NULL, '1', '1', '2016-03-17 08:07:00', '2016-03-17 08:07:00', 'e8b15976-a157-4b5e-9ecc-ce22da02f2ba'),
 ('370', '22', '876', NULL, '4', '1', '2016-03-20 22:52:58', '2016-03-20 22:52:58', 'c7b46925-098d-4ee2-8458-eceb316ab42f'),
 ('371', '23', '876', NULL, '851', '1', '2016-03-20 22:52:58', '2016-03-20 22:52:58', 'efe45b80-13ae-4412-a508-59a2f9ff1a51'),
 ('375', '22', '888', NULL, '880', '1', '2016-03-20 23:16:31', '2016-03-20 23:16:31', '37f6dda2-52c2-4eda-a8f7-88de43b2e497'),
 ('376', '23', '888', NULL, '851', '1', '2016-03-20 23:16:31', '2016-03-20 23:16:31', '85859305-a100-4cb6-8b87-f2a59f945eaf'),
 ('377', '21', '887', NULL, '835', '1', '2016-03-21 18:34:45', '2016-03-21 18:34:45', '407235af-f7d3-4d8e-b3c7-68573962ee73'),
 ('378', '21', '887', NULL, '885', '2', '2016-03-21 18:34:45', '2016-03-21 18:34:45', '253d5d99-e4e4-454f-a0f6-2407f699904a'),
 ('481', '21', '875', NULL, '831', '1', '2016-03-22 20:30:14', '2016-03-22 20:30:14', '6197359a-5b48-41e9-b0dc-54a7ea46b98b'),
 ('482', '43', '851', NULL, '1', '1', '2016-03-22 20:30:14', '2016-03-22 20:30:14', 'a5e72be0-4c84-4cfc-bff6-a1451c5664d3'),
 ('483', '43', '851', NULL, '4', '2', '2016-03-22 20:30:14', '2016-03-22 20:30:14', '93f68f27-4bcb-410d-aedd-d40053f78632'),
 ('493', '21', '847', NULL, '10', '1', '2016-03-22 20:30:51', '2016-03-22 20:30:51', '7ca2c2d2-2456-4024-b869-fbd8a0a008da'),
 ('494', '21', '847', NULL, '12', '2', '2016-03-22 20:30:51', '2016-03-22 20:30:51', '41899417-d840-4a6a-a763-74e11c8e78a4'),
 ('495', '21', '847', NULL, '22', '3', '2016-03-22 20:30:51', '2016-03-22 20:30:51', '9867629d-f213-4bf9-a162-37772fc83d59'),
 ('496', '21', '847', NULL, '28', '4', '2016-03-22 20:30:51', '2016-03-22 20:30:51', '183b4130-ba69-455f-b70a-fd0115ebc8b6'),
 ('497', '21', '847', NULL, '799', '5', '2016-03-22 20:30:51', '2016-03-22 20:30:51', '556bdd8a-2bd7-48cf-9e69-97080363b683'),
 ('498', '21', '847', NULL, '806', '6', '2016-03-22 20:30:51', '2016-03-22 20:30:51', 'a11f7cd4-2440-4bcf-a08d-5ef11a73e9db'),
 ('499', '21', '847', NULL, '821', '7', '2016-03-22 20:30:51', '2016-03-22 20:30:51', 'dc03f002-ca58-4236-b007-12549f8a1897'),
 ('500', '21', '847', NULL, '831', '8', '2016-03-22 20:30:51', '2016-03-22 20:30:51', '337f248c-5b6e-46f2-be74-b952394bb90c'),
 ('501', '21', '847', NULL, '832', '9', '2016-03-22 20:30:51', '2016-03-22 20:30:51', 'ef9c03d4-a905-49cc-a49e-634cd66b50a6'),
 ('502', '21', '847', NULL, '833', '10', '2016-03-22 20:30:51', '2016-03-22 20:30:51', 'c6d71d0a-a3b0-4745-86df-2a8e4e431eb9'),
 ('503', '21', '847', NULL, '834', '11', '2016-03-22 20:30:51', '2016-03-22 20:30:51', '9b3b53cb-f71e-4a31-8d7b-55e219715810'),
 ('504', '21', '847', NULL, '835', '12', '2016-03-22 20:30:51', '2016-03-22 20:30:51', 'af25c7f0-f356-409b-b722-e617a6cb335d'),
 ('505', '21', '847', NULL, '836', '13', '2016-03-22 20:30:51', '2016-03-22 20:30:51', '34bb11bd-dff4-4cf8-88aa-d648b6a54591'),
 ('506', '21', '847', NULL, '839', '14', '2016-03-22 20:30:51', '2016-03-22 20:30:51', '24d00891-5944-4138-94c2-e745fde1f0cb'),
 ('507', '43', '4', NULL, '1', '1', '2016-03-22 20:30:51', '2016-03-22 20:30:51', 'b0aabd73-8eb3-4925-a3c4-63b1fc72a30d'),
 ('508', '21', '853', NULL, '28', '1', '2016-03-22 21:01:31', '2016-03-22 21:01:31', 'bde210fc-5e0b-4d67-afc8-09d3ca59ff05'),
 ('509', '21', '853', NULL, '790', '2', '2016-03-22 21:01:31', '2016-03-22 21:01:31', '7671ef9c-1d03-4f8d-8689-b1faf700d1de'),
 ('510', '21', '853', NULL, '821', '3', '2016-03-22 21:01:31', '2016-03-22 21:01:31', '27ea923a-2347-45ba-8e4a-d321ab5a8604'),
 ('511', '21', '853', NULL, '806', '4', '2016-03-22 21:01:31', '2016-03-22 21:01:31', 'a376662f-1fdf-462c-b139-986ba92f194f'),
 ('512', '21', '853', NULL, '799', '5', '2016-03-22 21:01:31', '2016-03-22 21:01:31', 'a06b12e0-3730-4e7b-b54c-a0c304ecf3b9'),
 ('513', '21', '853', NULL, '22', '6', '2016-03-22 21:01:31', '2016-03-22 21:01:31', '16210368-4051-4453-8eca-a6bd2f8d3741'),
 ('514', '43', '1', NULL, '4', '1', '2016-03-22 21:01:31', '2016-03-22 21:01:31', '4fd418b9-e682-42a5-bcf9-7c4051770375'),
 ('515', '43', '1', NULL, '851', '2', '2016-03-22 21:01:31', '2016-03-22 21:01:31', '53725de7-5dde-4854-baec-a2098e5d10a5'),
 ('516', '22', '932', NULL, '921', '1', '2016-03-23 00:48:47', '2016-03-23 00:48:47', '88eab858-a13a-4128-8ba5-50cd1e566f4f'),
 ('517', '23', '932', NULL, '851', '1', '2016-03-23 00:48:47', '2016-03-23 00:48:47', '4bb28aec-01c1-44d3-9f5f-722a6e7724f9'),
 ('518', '22', '933', NULL, '851', '1', '2016-03-23 00:49:28', '2016-03-23 00:49:28', '4e67269f-4778-4ec3-9c20-54ef4f7e4541'),
 ('519', '23', '933', NULL, '921', '1', '2016-03-23 00:49:28', '2016-03-23 00:49:28', '6e3fcb4e-d1ad-4a53-a0cf-295c29f926aa'),
 ('520', '43', '922', NULL, '921', '1', '2016-03-23 00:49:30', '2016-03-23 00:49:30', '141b3ce1-1f8d-47c2-a7c3-523d6b62cac8'),
 ('521', '22', '934', NULL, '921', '1', '2016-03-23 00:50:04', '2016-03-23 00:50:04', 'd3fe9b6a-2da3-494b-938b-1626d8044315'),
 ('522', '23', '934', NULL, '922', '1', '2016-03-23 00:50:04', '2016-03-23 00:50:04', '3cae0d5d-3f84-4d59-831c-ab45f26236b3'),
 ('523', '43', '877', NULL, '851', '1', '2016-03-23 01:17:56', '2016-03-23 01:17:56', '9ed01c3a-63ba-41dc-84b6-8473a42df8df'),
 ('524', '21', '938', NULL, '885', '32767', '2016-03-23 01:57:45', '2016-03-23 01:57:45', '0beb861a-f5b8-4095-bffc-a8335cfccace'),
 ('525', '21', '938', NULL, '10', '32767', '2016-03-23 01:57:45', '2016-03-23 01:57:45', '97e7cfac-5c99-4810-a3cb-235fc9cf02c4'),
 ('526', '21', '938', NULL, '916', '32767', '2016-03-23 01:57:45', '2016-03-23 01:57:45', 'cbaa42c5-9fa1-474f-b344-08d5b8b4608e'),
 ('527', '21', '938', NULL, '913', '32767', '2016-03-23 01:57:45', '2016-03-23 01:57:45', '67b8d0d8-89c4-493b-ab51-f74efd36959b'),
 ('536', '43', '817', NULL, '905', '1', '2016-03-26 19:40:16', '2016-03-26 19:40:16', '8892c2fa-06d4-4582-92ee-a6fa64e61b9f'),
 ('537', '21', '941', NULL, '836', '1', '2016-04-10 19:06:11', '2016-04-10 19:06:11', '94273d74-bbbd-4ab0-8274-7fc70fa98e0a'),
 ('538', '21', '941', NULL, '911', '2', '2016-04-10 19:06:11', '2016-04-10 19:06:11', 'd87e8ebb-107b-40ec-98e4-04ec9edebb71'),
 ('539', '21', '941', NULL, '912', '3', '2016-04-10 19:06:11', '2016-04-10 19:06:11', 'cdb182c9-3528-40ac-ac92-7c44bcaff4fd'),
 ('540', '21', '941', NULL, '913', '4', '2016-04-10 19:06:11', '2016-04-10 19:06:11', '5dc3c739-3c55-4864-bb6b-950f638029ec'),
 ('541', '21', '941', NULL, '914', '5', '2016-04-10 19:06:11', '2016-04-10 19:06:11', '42b648fc-410e-4e68-b590-53e6aab6621a'),
 ('542', '21', '941', NULL, '915', '6', '2016-04-10 19:06:11', '2016-04-10 19:06:11', '3c21bf21-fc8f-406e-87a0-2c43b1944e2f'),
 ('543', '21', '941', NULL, '916', '7', '2016-04-10 19:06:11', '2016-04-10 19:06:11', '81629ed7-1863-4183-afda-b7a16687f6ea'),
 ('544', '21', '941', NULL, '939', '8', '2016-04-10 19:06:11', '2016-04-10 19:06:11', '6c1869f3-12f0-432c-8a44-ac8d62f3d9ba');



DROP TABLE IF EXISTS `craft_routes`;


--
-- Schema for table `craft_routes`
--
CREATE TABLE `craft_routes` (
  `id` int(11) NOT NULL AUTO_INCREMENT,
  `locale` char(12) COLLATE utf8_unicode_ci DEFAULT NULL,
  `urlParts` varchar(255) COLLATE utf8_unicode_ci NOT NULL,
  `urlPattern` varchar(255) COLLATE utf8_unicode_ci NOT NULL,
  `template` varchar(255) COLLATE utf8_unicode_ci NOT NULL,
  `sortOrder` smallint(6) unsigned DEFAULT NULL,
  `dateCreated` datetime NOT NULL,
  `dateUpdated` datetime NOT NULL,
  `uid` char(36) COLLATE utf8_unicode_ci NOT NULL DEFAULT '0',
  PRIMARY KEY (`id`),
  UNIQUE KEY `craft_routes_urlPattern_unq_idx` (`urlPattern`),
  KEY `craft_routes_locale_idx` (`locale`)
) ENGINE=InnoDB AUTO_INCREMENT=9 DEFAULT CHARSET=utf8 COLLATE=utf8_unicode_ci;

--
-- Data for table `craft_routes`
--

INSERT INTO `craft_routes` (`id`, `locale`, `urlParts`, `urlPattern`, `template`, `sortOrder`, `dateCreated`, `dateUpdated`, `uid`) VALUES
 ('2', NULL, '[\"profiles\\/\",[\"number\",\"\\\\d+\"]]', 'profiles\\/(?P<number>\\d+)', 'profiles/_profile', '1', '2016-03-02 18:31:43', '2016-03-02 18:34:03', 'cdb5fdf8-b451-46ca-943d-06741297b67b'),
 ('4', NULL, '[\"messages\\/\",[\"number\",\"\\\\d+\"]]', 'messages\\/(?P<number>\\d+)', 'messages/_message', '2', '2016-03-07 09:15:45', '2016-03-07 09:17:11', 'eaa6b6cc-2a7d-4342-b5d1-dfcd17a7f570'),
 ('6', NULL, '[\"profiles\\/edit\"]', 'profiles\\/edit', 'profiles/_edit', '3', '2016-03-07 10:23:52', '2016-03-07 10:23:52', 'd132fcc8-689f-42dc-8940-8a0f27deb3da'),
 ('7', NULL, '[\"messages\\/new\"]', 'messages\\/new', 'messages/_new', '4', '2016-03-17 07:08:12', '2016-03-17 07:08:12', 'f186c3cd-85d8-40e5-8c1d-f489339cbc0b'),
 ('8', NULL, '[\"profiles\\/me\"]', 'profiles\\/me', 'profiles/_profile', '5', '2016-03-21 18:38:15', '2016-03-21 18:38:15', '7e2ea934-9047-47a9-99b5-eda280fa360e');



DROP TABLE IF EXISTS `craft_searchindex`;


--
-- Schema for table `craft_searchindex`
--
CREATE TABLE `craft_searchindex` (
  `elementId` int(11) NOT NULL,
  `attribute` varchar(25) COLLATE utf8_unicode_ci NOT NULL,
  `fieldId` int(11) NOT NULL,
  `locale` char(12) COLLATE utf8_unicode_ci NOT NULL,
  `keywords` text COLLATE utf8_unicode_ci NOT NULL,
  PRIMARY KEY (`elementId`,`attribute`,`fieldId`,`locale`),
  FULLTEXT KEY `craft_searchindex_keywords_idx` (`keywords`)
) ENGINE=MyISAM DEFAULT CHARSET=utf8 COLLATE=utf8_unicode_ci;

--
-- Data for table `craft_searchindex`
--

INSERT INTO `craft_searchindex` (`elementId`, `attribute`, `fieldId`, `locale`, `keywords`) VALUES
 ('2', 'slug', '0', 'en_us', ' homepage '),
 ('2', 'title', '0', 'en_us', ' welcome to test partneur dr2dev com '),
 ('2', 'field', '1', 'en_us', ' it s true this site doesn t have a whole lot of content yet but don t worry our web developers have just installed the cms and they re setting things up for the content editors this very moment soon test partneur dr2dev com will be an oasis of fresh perspectives sharp analyses and astute opinions that will keep you coming back again and again '),
 ('5', 'slug', '0', 'en_us', ' this is a test '),
 ('5', 'title', '0', 'en_us', ' this is a test '),
 ('5', 'field', '1', 'en_us', ' i am a test news update created by an admin to talk to the userbase '),
 ('5', 'field', '2', 'en_us', ''),
 ('3', 'slug', '0', 'en_us', ' we just installed craft '),
 ('3', 'title', '0', 'en_us', ' we just installed craft '),
 ('3', 'field', '1', 'en_us', ' craft is the cms that s powering test partneur dr2dev com it s beautiful powerful flexible and easy to use and it s made by pixel tonic we can t wait to dive in and see what it s capable of this is even more captivating content which you couldn t see on the news index page because it was entered after a page break and the news index template only likes to show the content on the first page craft a nice alternative to word if you re making a website '),
 ('3', 'field', '2', 'en_us', ''),
 ('10', 'slug', '0', 'en_us', ' technical documentation '),
 ('10', 'title', '0', 'en_us', ' technical documentation '),
 ('10', 'field', '14', 'en_us', ' 1 '),
 ('12', 'slug', '0', 'en_us', ' mysql '),
 ('12', 'title', '0', 'en_us', ' mysql '),
 ('12', 'field', '14', 'en_us', ' 1 '),
 ('22', 'slug', '0', 'en_us', ' javascript '),
 ('22', 'title', '0', 'en_us', ' javascript '),
 ('22', 'field', '14', 'en_us', ' 1 '),
 ('28', 'slug', '0', 'en_us', ' php '),
 ('28', 'title', '0', 'en_us', ' php '),
 ('28', 'field', '14', 'en_us', ' 1 '),
 ('29', 'slug', '0', 'en_us', ' hello dave '),
 ('29', 'title', '0', 'en_us', ' hello dave '),
 ('29', 'field', '22', 'en_us', ' daveramps gmail com '),
 ('29', 'field', '23', 'en_us', ' mike tech gents com '),
 ('29', 'field', '1', 'en_us', ' this is a test message '),
 ('33', 'slug', '0', 'en_us', ' test 2 '),
 ('33', 'title', '0', 'en_us', ' test 2 '),
 ('33', 'field', '22', 'en_us', ' mike tech gents com '),
 ('33', 'field', '23', 'en_us', ' mike tech gents com '),
 ('33', 'field', '1', 'en_us', ' this is a test of sending a message to yourself '),
 ('831', 'slug', '0', 'en_us', ' c '),
 ('831', 'title', '0', 'en_us', ' c '),
 ('832', 'field', '14', 'en_us', ' 1 '),
 ('765', 'title', '0', 'en_us', ' test fave '),
 ('765', 'field', '14', 'en_us', ' 0 '),
 ('765', 'slug', '0', 'en_us', ''),
 ('914', 'field', '14', 'en_us', ' 1 '),
 ('889', 'handle', '0', 'en_us', ' initial_survey '),
 ('889', 'slug', '0', 'en_us', ''),
 ('890', 'name', '0', 'en_us', ' simple survey '),
 ('890', 'handle', '0', 'en_us', ' simple_survey '),
 ('890', 'slug', '0', 'en_us', ''),
 ('914', 'slug', '0', 'en_us', ''),
 ('6', 'name', '0', 'en_us', ' contact form '),
 ('6', 'handle', '0', 'en_us', ' contact '),
 ('6', 'slug', '0', 'en_us', ''),
 ('7', 'name', '0', 'en_us', ' basic fields form '),
 ('7', 'handle', '0', 'en_us', ' basic '),
 ('7', 'slug', '0', 'en_us', ''),
 ('889', 'name', '0', 'en_us', ' initial survey '),
 ('1', 'username', '0', 'en_us', ' daveramps gmail com '),
 ('1', 'firstname', '0', 'en_us', ' david '),
 ('1', 'lastname', '0', 'en_us', ' rampersad '),
 ('1', 'fullname', '0', 'en_us', ' david rampersad '),
 ('1', 'email', '0', 'en_us', ' daveramps gmail com '),
 ('1', 'slug', '0', 'en_us', ''),
 ('1', 'field', '18', 'en_us', ' developer '),
 ('1', 'field', '19', 'en_us', ' lorem ipsum dolor sit amet consectetur adipiscing elit etiam accumsan lectus nibh at vehicula nunc consectetur eu nullam at tellus fermentum interdum arcu ut tincidunt diam phasellus semper purus eleifend odio efficitur vel rhoncus nibh consectetur sed porttitor dui id tellus condimentum dignissim morbi in consectetur nisl nec porttitor erat donec et lacus vitae massa pellentesque pulvinar nullam finibus vehicula nibh a imperdiet pellentesque ac suscipit massa nulla facilisi '),
 ('1', 'field', '3', 'en_us', ' 4252718460 '),
 ('1', 'field', '15', 'en_us', ' php node js craft cms developer troubleshooting and debugging jquery javascript '),
 ('4', 'username', '0', 'en_us', ' mike tech gents com '),
 ('4', 'firstname', '0', 'en_us', ' mike '),
 ('4', 'lastname', '0', 'en_us', ' cramblett '),
 ('4', 'fullname', '0', 'en_us', ' mike cramblett '),
 ('4', 'email', '0', 'en_us', ' mike tech gents com '),
 ('4', 'slug', '0', 'en_us', ''),
 ('4', 'field', '18', 'en_us', ' chief programmer developer '),
 ('4', 'field', '19', 'en_us', ' mike cramblett is a programmer database developer and google adwords specialist he graduated from harvey mudd college with a bs in computer science in 02 where he had the distinct honor of being the senior commencement speaker at graduation he told his fellow classmates to follow their dreams and pursue their passions between 05 and 14 he was the sole proprietor of an adwords business focused on affiliate marketing that had a total budget of half a million dollars and received over six million clicks he wrote a suite of custom software tools to automate the discovery of new keywords and to manage the day to day operations mike is also a standup comedian in his spare time '),
 ('4', 'field', '3', 'en_us', ' 2066012264 '),
 ('4', 'field', '15', 'en_us', ' technical documentation mysql javascript php jquery troubleshooting and debugging craft cms developer c perl wordpress drupal data mining google adwords stand up comedy '),
 ('828', 'slug', '0', 'en_us', ' how it works '),
 ('828', 'title', '0', 'en_us', ' how it works '),
 ('828', 'field', '1', 'en_us', ' test content for how it works page and yes you can do fancy formatting here '),
 ('44', 'field', '14', 'en_us', ' 0 '),
 ('44', 'slug', '0', 'en_us', ''),
 ('44', 'title', '0', 'en_us', ' new test skill '),
 ('45', 'field', '14', 'en_us', ' 0 '),
 ('45', 'slug', '0', 'en_us', ''),
 ('45', 'title', '0', 'en_us', ' new test skill '),
 ('46', 'field', '14', 'en_us', ' 0 '),
 ('46', 'slug', '0', 'en_us', ''),
 ('46', 'title', '0', 'en_us', ' new test skill '),
 ('47', 'field', '14', 'en_us', ' 0 '),
 ('47', 'slug', '0', 'en_us', ''),
 ('47', 'title', '0', 'en_us', ' new test skill '),
 ('48', 'field', '14', 'en_us', ' 0 '),
 ('48', 'slug', '0', 'en_us', ''),
 ('48', 'title', '0', 'en_us', ' new test skill '),
 ('49', 'field', '14', 'en_us', ' 0 '),
 ('49', 'slug', '0', 'en_us', ''),
 ('49', 'title', '0', 'en_us', ' new test skill '),
 ('50', 'field', '14', 'en_us', ' 0 '),
 ('50', 'slug', '0', 'en_us', ''),
 ('50', 'title', '0', 'en_us', ' new test skill '),
 ('51', 'field', '14', 'en_us', ' 0 '),
 ('51', 'slug', '0', 'en_us', ''),
 ('51', 'title', '0', 'en_us', ' new test skill ');
INSERT INTO `craft_searchindex` (`elementId`, `attribute`, `fieldId`, `locale`, `keywords`) VALUES
 ('56', 'field', '14', 'en_us', ' 0 '),
 ('55', 'title', '0', 'en_us', ' new test skill '),
 ('55', 'slug', '0', 'en_us', ''),
 ('55', 'field', '14', 'en_us', ' 0 '),
 ('54', 'field', '14', 'en_us', ' 0 '),
 ('54', 'slug', '0', 'en_us', ''),
 ('54', 'title', '0', 'en_us', ' new test skill '),
 ('56', 'slug', '0', 'en_us', ''),
 ('56', 'title', '0', 'en_us', ' new test skill '),
 ('63', 'field', '14', 'en_us', ' 0 '),
 ('63', 'slug', '0', 'en_us', ''),
 ('61', 'title', '0', 'en_us', ' new fave '),
 ('61', 'slug', '0', 'en_us', ''),
 ('61', 'field', '14', 'en_us', ' 0 '),
 ('60', 'title', '0', 'en_us', ' new fave '),
 ('60', 'slug', '0', 'en_us', ''),
 ('60', 'field', '14', 'en_us', ' 0 '),
 ('63', 'title', '0', 'en_us', ' new fave '),
 ('64', 'field', '14', 'en_us', ' 0 '),
 ('64', 'slug', '0', 'en_us', ''),
 ('64', 'title', '0', 'en_us', ' new fave '),
 ('65', 'field', '14', 'en_us', ' 0 '),
 ('65', 'slug', '0', 'en_us', ''),
 ('65', 'title', '0', 'en_us', ' new fave '),
 ('66', 'field', '14', 'en_us', ' 0 '),
 ('66', 'slug', '0', 'en_us', ''),
 ('66', 'title', '0', 'en_us', ' new fave '),
 ('67', 'field', '14', 'en_us', ' 0 '),
 ('67', 'slug', '0', 'en_us', ''),
 ('67', 'title', '0', 'en_us', ' new fave '),
 ('68', 'field', '14', 'en_us', ' 0 '),
 ('68', 'slug', '0', 'en_us', ''),
 ('68', 'title', '0', 'en_us', ' new fave '),
 ('69', 'field', '14', 'en_us', ' 0 '),
 ('69', 'slug', '0', 'en_us', ''),
 ('69', 'title', '0', 'en_us', ' new fave '),
 ('70', 'field', '14', 'en_us', ' 0 '),
 ('70', 'slug', '0', 'en_us', ''),
 ('70', 'title', '0', 'en_us', ' new fave '),
 ('71', 'field', '14', 'en_us', ' 0 '),
 ('71', 'slug', '0', 'en_us', ''),
 ('71', 'title', '0', 'en_us', ' new fave '),
 ('821', 'title', '0', 'en_us', ' craft cms developer '),
 ('73', 'field', '14', 'en_us', ' 0 '),
 ('73', 'slug', '0', 'en_us', ''),
 ('73', 'title', '0', 'en_us', ' new fave '),
 ('74', 'field', '14', 'en_us', ' 0 '),
 ('74', 'slug', '0', 'en_us', ''),
 ('74', 'title', '0', 'en_us', ' new fave '),
 ('75', 'field', '14', 'en_us', ' 0 '),
 ('75', 'slug', '0', 'en_us', ''),
 ('75', 'title', '0', 'en_us', ' new fave '),
 ('76', 'field', '14', 'en_us', ' 0 '),
 ('76', 'slug', '0', 'en_us', ''),
 ('76', 'title', '0', 'en_us', ' new fave '),
 ('77', 'field', '14', 'en_us', ' 0 '),
 ('77', 'slug', '0', 'en_us', ''),
 ('77', 'title', '0', 'en_us', ' new fave '),
 ('78', 'field', '14', 'en_us', ' 0 '),
 ('78', 'slug', '0', 'en_us', ''),
 ('78', 'title', '0', 'en_us', ' new fave '),
 ('79', 'field', '14', 'en_us', ' 0 '),
 ('79', 'slug', '0', 'en_us', ''),
 ('79', 'title', '0', 'en_us', ' new fave '),
 ('80', 'field', '14', 'en_us', ' 0 '),
 ('80', 'slug', '0', 'en_us', ''),
 ('80', 'title', '0', 'en_us', ' new fave '),
 ('81', 'field', '14', 'en_us', ' 0 '),
 ('81', 'slug', '0', 'en_us', ''),
 ('81', 'title', '0', 'en_us', ' new fave '),
 ('82', 'field', '14', 'en_us', ' 0 '),
 ('82', 'slug', '0', 'en_us', ''),
 ('82', 'title', '0', 'en_us', ' new fave '),
 ('83', 'field', '14', 'en_us', ' 0 '),
 ('83', 'slug', '0', 'en_us', ''),
 ('83', 'title', '0', 'en_us', ' new fave '),
 ('84', 'field', '14', 'en_us', ' 0 '),
 ('84', 'slug', '0', 'en_us', ''),
 ('84', 'title', '0', 'en_us', ' new fave '),
 ('85', 'field', '14', 'en_us', ' 0 '),
 ('85', 'slug', '0', 'en_us', ''),
 ('85', 'title', '0', 'en_us', ' new fave '),
 ('86', 'field', '14', 'en_us', ' 0 '),
 ('86', 'slug', '0', 'en_us', ''),
 ('86', 'title', '0', 'en_us', ' new fave '),
 ('87', 'field', '14', 'en_us', ' 0 '),
 ('87', 'slug', '0', 'en_us', ''),
 ('87', 'title', '0', 'en_us', ' new fave '),
 ('88', 'field', '14', 'en_us', ' 0 '),
 ('88', 'slug', '0', 'en_us', ''),
 ('88', 'title', '0', 'en_us', ' new fave '),
 ('89', 'field', '14', 'en_us', ' 0 '),
 ('89', 'slug', '0', 'en_us', ''),
 ('89', 'title', '0', 'en_us', ' new fave '),
 ('90', 'field', '14', 'en_us', ' 0 '),
 ('90', 'slug', '0', 'en_us', ''),
 ('90', 'title', '0', 'en_us', ' new fave '),
 ('91', 'field', '14', 'en_us', ' 0 '),
 ('91', 'slug', '0', 'en_us', ''),
 ('91', 'title', '0', 'en_us', ' new fave ');
INSERT INTO `craft_searchindex` (`elementId`, `attribute`, `fieldId`, `locale`, `keywords`) VALUES
 ('92', 'field', '14', 'en_us', ' 0 '),
 ('92', 'slug', '0', 'en_us', ''),
 ('92', 'title', '0', 'en_us', ' new fave '),
 ('93', 'field', '14', 'en_us', ' 0 '),
 ('93', 'slug', '0', 'en_us', ''),
 ('93', 'title', '0', 'en_us', ' new fave '),
 ('94', 'field', '14', 'en_us', ' 0 '),
 ('94', 'slug', '0', 'en_us', ''),
 ('94', 'title', '0', 'en_us', ' new fave '),
 ('95', 'field', '14', 'en_us', ' 0 '),
 ('95', 'slug', '0', 'en_us', ''),
 ('95', 'title', '0', 'en_us', ' new fave '),
 ('96', 'field', '14', 'en_us', ' 0 '),
 ('96', 'slug', '0', 'en_us', ''),
 ('96', 'title', '0', 'en_us', ' new fave '),
 ('97', 'field', '14', 'en_us', ' 0 '),
 ('97', 'slug', '0', 'en_us', ''),
 ('97', 'title', '0', 'en_us', ' new fave '),
 ('98', 'field', '14', 'en_us', ' 0 '),
 ('98', 'slug', '0', 'en_us', ''),
 ('98', 'title', '0', 'en_us', ' new fave '),
 ('99', 'field', '14', 'en_us', ' 0 '),
 ('99', 'slug', '0', 'en_us', ''),
 ('99', 'title', '0', 'en_us', ' new fave '),
 ('100', 'field', '14', 'en_us', ' 0 '),
 ('100', 'slug', '0', 'en_us', ''),
 ('100', 'title', '0', 'en_us', ' new fave '),
 ('101', 'field', '14', 'en_us', ' 0 '),
 ('101', 'slug', '0', 'en_us', ''),
 ('101', 'title', '0', 'en_us', ' new fave '),
 ('102', 'field', '14', 'en_us', ' 0 '),
 ('102', 'slug', '0', 'en_us', ''),
 ('102', 'title', '0', 'en_us', ' new fave '),
 ('103', 'field', '14', 'en_us', ' 0 '),
 ('103', 'slug', '0', 'en_us', ''),
 ('103', 'title', '0', 'en_us', ' new fave '),
 ('104', 'field', '14', 'en_us', ' 0 '),
 ('104', 'slug', '0', 'en_us', ''),
 ('104', 'title', '0', 'en_us', ' new fave '),
 ('105', 'field', '14', 'en_us', ' 0 '),
 ('105', 'slug', '0', 'en_us', ''),
 ('105', 'title', '0', 'en_us', ' new fave '),
 ('106', 'field', '14', 'en_us', ' 0 '),
 ('106', 'slug', '0', 'en_us', ''),
 ('106', 'title', '0', 'en_us', ' new fave '),
 ('107', 'field', '14', 'en_us', ' 0 '),
 ('107', 'slug', '0', 'en_us', ''),
 ('107', 'title', '0', 'en_us', ' new fave '),
 ('108', 'field', '14', 'en_us', ' 0 '),
 ('108', 'slug', '0', 'en_us', ''),
 ('108', 'title', '0', 'en_us', ' new fave '),
 ('109', 'field', '14', 'en_us', ' 0 '),
 ('109', 'slug', '0', 'en_us', ''),
 ('109', 'title', '0', 'en_us', ' new fave '),
 ('110', 'field', '14', 'en_us', ' 0 '),
 ('110', 'slug', '0', 'en_us', ''),
 ('110', 'title', '0', 'en_us', ' new fave '),
 ('111', 'field', '14', 'en_us', ' 0 '),
 ('111', 'slug', '0', 'en_us', ''),
 ('111', 'title', '0', 'en_us', ' new fave '),
 ('112', 'field', '14', 'en_us', ' 0 '),
 ('112', 'slug', '0', 'en_us', ''),
 ('112', 'title', '0', 'en_us', ' new fave '),
 ('113', 'field', '14', 'en_us', ' 0 '),
 ('113', 'slug', '0', 'en_us', ''),
 ('113', 'title', '0', 'en_us', ' new fave '),
 ('114', 'field', '14', 'en_us', ' 0 '),
 ('114', 'slug', '0', 'en_us', ''),
 ('114', 'title', '0', 'en_us', ' new fave '),
 ('115', 'field', '14', 'en_us', ' 0 '),
 ('115', 'slug', '0', 'en_us', ''),
 ('115', 'title', '0', 'en_us', ' new fave '),
 ('116', 'field', '14', 'en_us', ' 0 '),
 ('116', 'slug', '0', 'en_us', ''),
 ('116', 'title', '0', 'en_us', ' new fave '),
 ('117', 'field', '14', 'en_us', ' 0 '),
 ('117', 'slug', '0', 'en_us', ''),
 ('117', 'title', '0', 'en_us', ' new fave '),
 ('118', 'field', '14', 'en_us', ' 0 '),
 ('118', 'slug', '0', 'en_us', ''),
 ('118', 'title', '0', 'en_us', ' new fave '),
 ('119', 'field', '14', 'en_us', ' 0 '),
 ('119', 'slug', '0', 'en_us', ''),
 ('119', 'title', '0', 'en_us', ' new fave '),
 ('120', 'field', '14', 'en_us', ' 0 '),
 ('120', 'slug', '0', 'en_us', ''),
 ('120', 'title', '0', 'en_us', ' new fave '),
 ('121', 'field', '14', 'en_us', ' 0 '),
 ('121', 'slug', '0', 'en_us', ''),
 ('121', 'title', '0', 'en_us', ' new fave '),
 ('122', 'field', '14', 'en_us', ' 0 '),
 ('122', 'slug', '0', 'en_us', ''),
 ('122', 'title', '0', 'en_us', ' new fave '),
 ('123', 'field', '14', 'en_us', ' 0 '),
 ('123', 'slug', '0', 'en_us', ''),
 ('123', 'title', '0', 'en_us', ' new fave '),
 ('124', 'field', '14', 'en_us', ' 0 '),
 ('124', 'slug', '0', 'en_us', ''),
 ('124', 'title', '0', 'en_us', ' new fave '),
 ('125', 'field', '14', 'en_us', ' 0 ');
INSERT INTO `craft_searchindex` (`elementId`, `attribute`, `fieldId`, `locale`, `keywords`) VALUES
 ('125', 'slug', '0', 'en_us', ''),
 ('125', 'title', '0', 'en_us', ' new fave '),
 ('126', 'field', '14', 'en_us', ' 0 '),
 ('126', 'slug', '0', 'en_us', ''),
 ('126', 'title', '0', 'en_us', ' new fave '),
 ('127', 'field', '14', 'en_us', ' 0 '),
 ('127', 'slug', '0', 'en_us', ''),
 ('127', 'title', '0', 'en_us', ' new fave '),
 ('128', 'field', '14', 'en_us', ' 0 '),
 ('128', 'slug', '0', 'en_us', ''),
 ('128', 'title', '0', 'en_us', ' new fave '),
 ('129', 'field', '14', 'en_us', ' 0 '),
 ('129', 'slug', '0', 'en_us', ''),
 ('129', 'title', '0', 'en_us', ' new fave '),
 ('130', 'field', '14', 'en_us', ' 0 '),
 ('130', 'slug', '0', 'en_us', ''),
 ('130', 'title', '0', 'en_us', ' new fave '),
 ('131', 'field', '14', 'en_us', ' 0 '),
 ('131', 'slug', '0', 'en_us', ''),
 ('131', 'title', '0', 'en_us', ' new fave '),
 ('132', 'field', '14', 'en_us', ' 0 '),
 ('132', 'slug', '0', 'en_us', ''),
 ('132', 'title', '0', 'en_us', ' new fave '),
 ('133', 'field', '14', 'en_us', ' 0 '),
 ('133', 'slug', '0', 'en_us', ''),
 ('133', 'title', '0', 'en_us', ' new fave '),
 ('134', 'field', '14', 'en_us', ' 0 '),
 ('134', 'slug', '0', 'en_us', ''),
 ('134', 'title', '0', 'en_us', ' new fave '),
 ('135', 'field', '14', 'en_us', ' 0 '),
 ('135', 'slug', '0', 'en_us', ''),
 ('135', 'title', '0', 'en_us', ' new fave '),
 ('136', 'field', '14', 'en_us', ' 0 '),
 ('136', 'slug', '0', 'en_us', ''),
 ('136', 'title', '0', 'en_us', ' new fave '),
 ('137', 'field', '14', 'en_us', ' 0 '),
 ('137', 'slug', '0', 'en_us', ''),
 ('137', 'title', '0', 'en_us', ' new fave '),
 ('138', 'field', '14', 'en_us', ' 0 '),
 ('138', 'slug', '0', 'en_us', ''),
 ('138', 'title', '0', 'en_us', ' new fave '),
 ('139', 'field', '14', 'en_us', ' 0 '),
 ('139', 'slug', '0', 'en_us', ''),
 ('139', 'title', '0', 'en_us', ' new fave '),
 ('140', 'field', '14', 'en_us', ' 0 '),
 ('140', 'slug', '0', 'en_us', ''),
 ('140', 'title', '0', 'en_us', ' new fave '),
 ('141', 'field', '14', 'en_us', ' 0 '),
 ('141', 'slug', '0', 'en_us', ''),
 ('141', 'title', '0', 'en_us', ' new fave '),
 ('142', 'field', '14', 'en_us', ' 0 '),
 ('142', 'slug', '0', 'en_us', ''),
 ('142', 'title', '0', 'en_us', ' new fave '),
 ('143', 'field', '14', 'en_us', ' 0 '),
 ('143', 'slug', '0', 'en_us', ''),
 ('143', 'title', '0', 'en_us', ' new fave '),
 ('144', 'field', '14', 'en_us', ' 0 '),
 ('144', 'slug', '0', 'en_us', ''),
 ('144', 'title', '0', 'en_us', ' new fave '),
 ('145', 'field', '14', 'en_us', ' 0 '),
 ('145', 'slug', '0', 'en_us', ''),
 ('145', 'title', '0', 'en_us', ' new fave '),
 ('146', 'field', '14', 'en_us', ' 0 '),
 ('146', 'slug', '0', 'en_us', ''),
 ('146', 'title', '0', 'en_us', ' new fave '),
 ('147', 'field', '14', 'en_us', ' 0 '),
 ('147', 'slug', '0', 'en_us', ''),
 ('147', 'title', '0', 'en_us', ' new fave '),
 ('148', 'field', '14', 'en_us', ' 0 '),
 ('148', 'slug', '0', 'en_us', ''),
 ('148', 'title', '0', 'en_us', ' new fave '),
 ('149', 'field', '14', 'en_us', ' 0 '),
 ('149', 'slug', '0', 'en_us', ''),
 ('149', 'title', '0', 'en_us', ' new fave '),
 ('150', 'field', '14', 'en_us', ' 0 '),
 ('150', 'slug', '0', 'en_us', ''),
 ('150', 'title', '0', 'en_us', ' new fave '),
 ('151', 'field', '14', 'en_us', ' 0 '),
 ('151', 'slug', '0', 'en_us', ''),
 ('151', 'title', '0', 'en_us', ' new fave '),
 ('152', 'field', '14', 'en_us', ' 0 '),
 ('152', 'slug', '0', 'en_us', ''),
 ('152', 'title', '0', 'en_us', ' new fave '),
 ('153', 'field', '14', 'en_us', ' 0 '),
 ('153', 'slug', '0', 'en_us', ''),
 ('153', 'title', '0', 'en_us', ' new fave '),
 ('154', 'field', '14', 'en_us', ' 0 '),
 ('154', 'slug', '0', 'en_us', ''),
 ('154', 'title', '0', 'en_us', ' new fave '),
 ('155', 'field', '14', 'en_us', ' 0 '),
 ('155', 'slug', '0', 'en_us', ''),
 ('155', 'title', '0', 'en_us', ' new fave '),
 ('156', 'field', '14', 'en_us', ' 0 '),
 ('156', 'slug', '0', 'en_us', ''),
 ('156', 'title', '0', 'en_us', ' new fave '),
 ('157', 'field', '14', 'en_us', ' 0 '),
 ('157', 'slug', '0', 'en_us', ''),
 ('157', 'title', '0', 'en_us', ' new fave '),
 ('158', 'field', '14', 'en_us', ' 0 '),
 ('158', 'slug', '0', 'en_us', '');
INSERT INTO `craft_searchindex` (`elementId`, `attribute`, `fieldId`, `locale`, `keywords`) VALUES
 ('158', 'title', '0', 'en_us', ' new fave '),
 ('159', 'field', '14', 'en_us', ' 0 '),
 ('159', 'slug', '0', 'en_us', ''),
 ('159', 'title', '0', 'en_us', ' new fave '),
 ('160', 'field', '14', 'en_us', ' 0 '),
 ('160', 'slug', '0', 'en_us', ''),
 ('160', 'title', '0', 'en_us', ' new fave '),
 ('161', 'field', '14', 'en_us', ' 0 '),
 ('161', 'slug', '0', 'en_us', ''),
 ('161', 'title', '0', 'en_us', ' new fave '),
 ('162', 'field', '14', 'en_us', ' 0 '),
 ('162', 'slug', '0', 'en_us', ''),
 ('162', 'title', '0', 'en_us', ' new fave '),
 ('163', 'field', '14', 'en_us', ' 0 '),
 ('163', 'slug', '0', 'en_us', ''),
 ('163', 'title', '0', 'en_us', ' new fave '),
 ('164', 'field', '14', 'en_us', ' 0 '),
 ('164', 'slug', '0', 'en_us', ''),
 ('164', 'title', '0', 'en_us', ' new fave '),
 ('165', 'field', '14', 'en_us', ' 0 '),
 ('165', 'slug', '0', 'en_us', ''),
 ('165', 'title', '0', 'en_us', ' new fave '),
 ('166', 'field', '14', 'en_us', ' 0 '),
 ('166', 'slug', '0', 'en_us', ''),
 ('166', 'title', '0', 'en_us', ' new fave '),
 ('167', 'field', '14', 'en_us', ' 0 '),
 ('167', 'slug', '0', 'en_us', ''),
 ('167', 'title', '0', 'en_us', ' new fave '),
 ('168', 'field', '14', 'en_us', ' 0 '),
 ('168', 'slug', '0', 'en_us', ''),
 ('168', 'title', '0', 'en_us', ' new fave '),
 ('169', 'field', '14', 'en_us', ' 0 '),
 ('169', 'slug', '0', 'en_us', ''),
 ('169', 'title', '0', 'en_us', ' new fave '),
 ('170', 'field', '14', 'en_us', ' 0 '),
 ('170', 'slug', '0', 'en_us', ''),
 ('170', 'title', '0', 'en_us', ' new fave '),
 ('171', 'field', '14', 'en_us', ' 0 '),
 ('171', 'slug', '0', 'en_us', ''),
 ('171', 'title', '0', 'en_us', ' new fave '),
 ('172', 'field', '14', 'en_us', ' 0 '),
 ('172', 'slug', '0', 'en_us', ''),
 ('172', 'title', '0', 'en_us', ' new fave '),
 ('173', 'field', '14', 'en_us', ' 0 '),
 ('173', 'slug', '0', 'en_us', ''),
 ('173', 'title', '0', 'en_us', ' new fave '),
 ('174', 'field', '14', 'en_us', ' 0 '),
 ('174', 'slug', '0', 'en_us', ''),
 ('174', 'title', '0', 'en_us', ' new fave '),
 ('175', 'field', '14', 'en_us', ' 0 '),
 ('175', 'slug', '0', 'en_us', ''),
 ('175', 'title', '0', 'en_us', ' new fave '),
 ('176', 'field', '14', 'en_us', ' 0 '),
 ('176', 'slug', '0', 'en_us', ''),
 ('176', 'title', '0', 'en_us', ' new fave '),
 ('177', 'field', '14', 'en_us', ' 0 '),
 ('177', 'slug', '0', 'en_us', ''),
 ('177', 'title', '0', 'en_us', ' new fave '),
 ('178', 'field', '14', 'en_us', ' 0 '),
 ('178', 'slug', '0', 'en_us', ''),
 ('178', 'title', '0', 'en_us', ' new fave '),
 ('179', 'field', '14', 'en_us', ' 0 '),
 ('179', 'slug', '0', 'en_us', ''),
 ('179', 'title', '0', 'en_us', ' new fave '),
 ('180', 'field', '14', 'en_us', ' 0 '),
 ('180', 'slug', '0', 'en_us', ''),
 ('180', 'title', '0', 'en_us', ' new fave '),
 ('181', 'field', '14', 'en_us', ' 0 '),
 ('181', 'slug', '0', 'en_us', ''),
 ('181', 'title', '0', 'en_us', ' new fave '),
 ('182', 'field', '14', 'en_us', ' 0 '),
 ('182', 'slug', '0', 'en_us', ''),
 ('182', 'title', '0', 'en_us', ' new fave '),
 ('183', 'field', '14', 'en_us', ' 0 '),
 ('183', 'slug', '0', 'en_us', ''),
 ('183', 'title', '0', 'en_us', ' new fave '),
 ('184', 'field', '14', 'en_us', ' 0 '),
 ('184', 'slug', '0', 'en_us', ''),
 ('184', 'title', '0', 'en_us', ' new fave '),
 ('185', 'field', '14', 'en_us', ' 0 '),
 ('185', 'slug', '0', 'en_us', ''),
 ('185', 'title', '0', 'en_us', ' new fave '),
 ('186', 'field', '14', 'en_us', ' 0 '),
 ('186', 'slug', '0', 'en_us', ''),
 ('186', 'title', '0', 'en_us', ' new fave '),
 ('187', 'field', '14', 'en_us', ' 0 '),
 ('187', 'slug', '0', 'en_us', ''),
 ('187', 'title', '0', 'en_us', ' new fave '),
 ('188', 'field', '14', 'en_us', ' 0 '),
 ('188', 'slug', '0', 'en_us', ''),
 ('188', 'title', '0', 'en_us', ' new fave '),
 ('189', 'field', '14', 'en_us', ' 0 '),
 ('189', 'slug', '0', 'en_us', ''),
 ('189', 'title', '0', 'en_us', ' new fave '),
 ('190', 'field', '14', 'en_us', ' 0 '),
 ('190', 'slug', '0', 'en_us', ''),
 ('190', 'title', '0', 'en_us', ' new fave '),
 ('191', 'field', '14', 'en_us', ' 0 '),
 ('191', 'slug', '0', 'en_us', ''),
 ('191', 'title', '0', 'en_us', ' new fave ');
INSERT INTO `craft_searchindex` (`elementId`, `attribute`, `fieldId`, `locale`, `keywords`) VALUES
 ('192', 'field', '14', 'en_us', ' 0 '),
 ('192', 'slug', '0', 'en_us', ''),
 ('192', 'title', '0', 'en_us', ' new fave '),
 ('193', 'field', '14', 'en_us', ' 0 '),
 ('193', 'slug', '0', 'en_us', ''),
 ('193', 'title', '0', 'en_us', ' new fave '),
 ('194', 'field', '14', 'en_us', ' 0 '),
 ('194', 'slug', '0', 'en_us', ''),
 ('194', 'title', '0', 'en_us', ' new fave '),
 ('195', 'field', '14', 'en_us', ' 0 '),
 ('195', 'slug', '0', 'en_us', ''),
 ('195', 'title', '0', 'en_us', ' new fave '),
 ('196', 'field', '14', 'en_us', ' 0 '),
 ('196', 'slug', '0', 'en_us', ''),
 ('196', 'title', '0', 'en_us', ' new fave '),
 ('197', 'field', '14', 'en_us', ' 0 '),
 ('197', 'slug', '0', 'en_us', ''),
 ('197', 'title', '0', 'en_us', ' new fave '),
 ('198', 'field', '14', 'en_us', ' 0 '),
 ('198', 'slug', '0', 'en_us', ''),
 ('198', 'title', '0', 'en_us', ' new fave '),
 ('199', 'field', '14', 'en_us', ' 0 '),
 ('199', 'slug', '0', 'en_us', ''),
 ('199', 'title', '0', 'en_us', ' new fave '),
 ('200', 'field', '14', 'en_us', ' 0 '),
 ('200', 'slug', '0', 'en_us', ''),
 ('200', 'title', '0', 'en_us', ' new fave '),
 ('201', 'field', '14', 'en_us', ' 0 '),
 ('201', 'slug', '0', 'en_us', ''),
 ('201', 'title', '0', 'en_us', ' new fave '),
 ('202', 'field', '14', 'en_us', ' 0 '),
 ('202', 'slug', '0', 'en_us', ''),
 ('202', 'title', '0', 'en_us', ' new fave '),
 ('203', 'field', '14', 'en_us', ' 0 '),
 ('203', 'slug', '0', 'en_us', ''),
 ('203', 'title', '0', 'en_us', ' new fave '),
 ('204', 'field', '14', 'en_us', ' 0 '),
 ('204', 'slug', '0', 'en_us', ''),
 ('204', 'title', '0', 'en_us', ' new fave '),
 ('205', 'field', '14', 'en_us', ' 0 '),
 ('205', 'slug', '0', 'en_us', ''),
 ('205', 'title', '0', 'en_us', ' new fave '),
 ('206', 'field', '14', 'en_us', ' 0 '),
 ('206', 'slug', '0', 'en_us', ''),
 ('206', 'title', '0', 'en_us', ' new fave '),
 ('207', 'field', '14', 'en_us', ' 0 '),
 ('207', 'slug', '0', 'en_us', ''),
 ('207', 'title', '0', 'en_us', ' new fave '),
 ('208', 'field', '14', 'en_us', ' 0 '),
 ('208', 'slug', '0', 'en_us', ''),
 ('208', 'title', '0', 'en_us', ' new fave '),
 ('209', 'field', '14', 'en_us', ' 0 '),
 ('209', 'slug', '0', 'en_us', ''),
 ('209', 'title', '0', 'en_us', ' new fave '),
 ('210', 'field', '14', 'en_us', ' 0 '),
 ('210', 'slug', '0', 'en_us', ''),
 ('210', 'title', '0', 'en_us', ' new fave '),
 ('211', 'field', '14', 'en_us', ' 0 '),
 ('211', 'slug', '0', 'en_us', ''),
 ('211', 'title', '0', 'en_us', ' new fave '),
 ('212', 'field', '14', 'en_us', ' 0 '),
 ('212', 'slug', '0', 'en_us', ''),
 ('212', 'title', '0', 'en_us', ' new fave '),
 ('213', 'field', '14', 'en_us', ' 0 '),
 ('213', 'slug', '0', 'en_us', ''),
 ('213', 'title', '0', 'en_us', ' new fave '),
 ('214', 'field', '14', 'en_us', ' 0 '),
 ('214', 'slug', '0', 'en_us', ''),
 ('214', 'title', '0', 'en_us', ' new fave '),
 ('215', 'field', '14', 'en_us', ' 0 '),
 ('215', 'slug', '0', 'en_us', ''),
 ('215', 'title', '0', 'en_us', ' new fave '),
 ('216', 'field', '14', 'en_us', ' 0 '),
 ('216', 'slug', '0', 'en_us', ''),
 ('216', 'title', '0', 'en_us', ' new fave '),
 ('217', 'field', '14', 'en_us', ' 0 '),
 ('217', 'slug', '0', 'en_us', ''),
 ('217', 'title', '0', 'en_us', ' new fave '),
 ('218', 'field', '14', 'en_us', ' 0 '),
 ('218', 'slug', '0', 'en_us', ''),
 ('218', 'title', '0', 'en_us', ' new fave '),
 ('219', 'field', '14', 'en_us', ' 0 '),
 ('219', 'slug', '0', 'en_us', ''),
 ('219', 'title', '0', 'en_us', ' new fave '),
 ('220', 'field', '14', 'en_us', ' 0 '),
 ('220', 'slug', '0', 'en_us', ''),
 ('220', 'title', '0', 'en_us', ' new fave '),
 ('221', 'field', '14', 'en_us', ' 0 '),
 ('221', 'slug', '0', 'en_us', ''),
 ('221', 'title', '0', 'en_us', ' new fave '),
 ('222', 'field', '14', 'en_us', ' 0 '),
 ('222', 'slug', '0', 'en_us', ''),
 ('222', 'title', '0', 'en_us', ' new fave '),
 ('223', 'field', '14', 'en_us', ' 0 '),
 ('223', 'slug', '0', 'en_us', ''),
 ('223', 'title', '0', 'en_us', ' new fave '),
 ('224', 'field', '14', 'en_us', ' 0 '),
 ('224', 'slug', '0', 'en_us', ''),
 ('224', 'title', '0', 'en_us', ' new fave '),
 ('225', 'field', '14', 'en_us', ' 0 ');
INSERT INTO `craft_searchindex` (`elementId`, `attribute`, `fieldId`, `locale`, `keywords`) VALUES
 ('225', 'slug', '0', 'en_us', ''),
 ('225', 'title', '0', 'en_us', ' new fave '),
 ('226', 'field', '14', 'en_us', ' 0 '),
 ('226', 'slug', '0', 'en_us', ''),
 ('226', 'title', '0', 'en_us', ' new fave '),
 ('227', 'field', '14', 'en_us', ' 0 '),
 ('227', 'slug', '0', 'en_us', ''),
 ('227', 'title', '0', 'en_us', ' new fave '),
 ('228', 'field', '14', 'en_us', ' 0 '),
 ('228', 'slug', '0', 'en_us', ''),
 ('228', 'title', '0', 'en_us', ' new fave '),
 ('229', 'field', '14', 'en_us', ' 0 '),
 ('229', 'slug', '0', 'en_us', ''),
 ('229', 'title', '0', 'en_us', ' new fave '),
 ('230', 'field', '14', 'en_us', ' 0 '),
 ('230', 'slug', '0', 'en_us', ''),
 ('230', 'title', '0', 'en_us', ' new fave '),
 ('231', 'field', '14', 'en_us', ' 0 '),
 ('231', 'slug', '0', 'en_us', ''),
 ('231', 'title', '0', 'en_us', ' new fave '),
 ('232', 'field', '14', 'en_us', ' 0 '),
 ('232', 'slug', '0', 'en_us', ''),
 ('232', 'title', '0', 'en_us', ' new fave '),
 ('233', 'field', '14', 'en_us', ' 0 '),
 ('233', 'slug', '0', 'en_us', ''),
 ('233', 'title', '0', 'en_us', ' new fave '),
 ('234', 'field', '14', 'en_us', ' 0 '),
 ('234', 'slug', '0', 'en_us', ''),
 ('234', 'title', '0', 'en_us', ' new fave '),
 ('235', 'field', '14', 'en_us', ' 0 '),
 ('235', 'slug', '0', 'en_us', ''),
 ('235', 'title', '0', 'en_us', ' new fave '),
 ('236', 'field', '14', 'en_us', ' 0 '),
 ('236', 'slug', '0', 'en_us', ''),
 ('236', 'title', '0', 'en_us', ' new fave '),
 ('237', 'field', '14', 'en_us', ' 0 '),
 ('237', 'slug', '0', 'en_us', ''),
 ('237', 'title', '0', 'en_us', ' new fave '),
 ('238', 'field', '14', 'en_us', ' 0 '),
 ('238', 'slug', '0', 'en_us', ''),
 ('238', 'title', '0', 'en_us', ' new fave '),
 ('239', 'field', '14', 'en_us', ' 0 '),
 ('239', 'slug', '0', 'en_us', ''),
 ('239', 'title', '0', 'en_us', ' new fave '),
 ('240', 'field', '14', 'en_us', ' 0 '),
 ('240', 'slug', '0', 'en_us', ''),
 ('240', 'title', '0', 'en_us', ' new fave '),
 ('241', 'field', '14', 'en_us', ' 0 '),
 ('241', 'slug', '0', 'en_us', ''),
 ('241', 'title', '0', 'en_us', ' new fave '),
 ('242', 'field', '14', 'en_us', ' 0 '),
 ('242', 'slug', '0', 'en_us', ''),
 ('242', 'title', '0', 'en_us', ' new fave '),
 ('243', 'field', '14', 'en_us', ' 0 '),
 ('243', 'slug', '0', 'en_us', ''),
 ('243', 'title', '0', 'en_us', ' new fave '),
 ('244', 'field', '14', 'en_us', ' 0 '),
 ('244', 'slug', '0', 'en_us', ''),
 ('244', 'title', '0', 'en_us', ' new fave '),
 ('245', 'field', '14', 'en_us', ' 0 '),
 ('245', 'slug', '0', 'en_us', ''),
 ('245', 'title', '0', 'en_us', ' new fave '),
 ('246', 'field', '14', 'en_us', ' 0 '),
 ('246', 'slug', '0', 'en_us', ''),
 ('246', 'title', '0', 'en_us', ' new fave '),
 ('247', 'field', '14', 'en_us', ' 0 '),
 ('247', 'slug', '0', 'en_us', ''),
 ('247', 'title', '0', 'en_us', ' new fave '),
 ('248', 'field', '14', 'en_us', ' 0 '),
 ('248', 'slug', '0', 'en_us', ''),
 ('248', 'title', '0', 'en_us', ' new fave '),
 ('249', 'field', '14', 'en_us', ' 0 '),
 ('249', 'slug', '0', 'en_us', ''),
 ('249', 'title', '0', 'en_us', ' new fave '),
 ('250', 'field', '14', 'en_us', ' 0 '),
 ('250', 'slug', '0', 'en_us', ''),
 ('250', 'title', '0', 'en_us', ' new fave '),
 ('251', 'field', '14', 'en_us', ' 0 '),
 ('251', 'slug', '0', 'en_us', ''),
 ('251', 'title', '0', 'en_us', ' new fave '),
 ('252', 'field', '14', 'en_us', ' 0 '),
 ('252', 'slug', '0', 'en_us', ''),
 ('252', 'title', '0', 'en_us', ' new fave '),
 ('253', 'field', '14', 'en_us', ' 0 '),
 ('253', 'slug', '0', 'en_us', ''),
 ('253', 'title', '0', 'en_us', ' new fave '),
 ('254', 'field', '14', 'en_us', ' 0 '),
 ('254', 'slug', '0', 'en_us', ''),
 ('254', 'title', '0', 'en_us', ' new fave '),
 ('255', 'field', '14', 'en_us', ' 0 '),
 ('255', 'slug', '0', 'en_us', ''),
 ('255', 'title', '0', 'en_us', ' new fave '),
 ('256', 'field', '14', 'en_us', ' 0 '),
 ('256', 'slug', '0', 'en_us', ''),
 ('256', 'title', '0', 'en_us', ' new fave '),
 ('257', 'field', '14', 'en_us', ' 0 '),
 ('257', 'slug', '0', 'en_us', ''),
 ('257', 'title', '0', 'en_us', ' new fave '),
 ('258', 'field', '14', 'en_us', ' 0 '),
 ('258', 'slug', '0', 'en_us', '');
INSERT INTO `craft_searchindex` (`elementId`, `attribute`, `fieldId`, `locale`, `keywords`) VALUES
 ('258', 'title', '0', 'en_us', ' new fave '),
 ('259', 'field', '14', 'en_us', ' 0 '),
 ('259', 'slug', '0', 'en_us', ''),
 ('259', 'title', '0', 'en_us', ' new fave '),
 ('260', 'field', '14', 'en_us', ' 0 '),
 ('260', 'slug', '0', 'en_us', ''),
 ('260', 'title', '0', 'en_us', ' new fave '),
 ('261', 'field', '14', 'en_us', ' 0 '),
 ('261', 'slug', '0', 'en_us', ''),
 ('261', 'title', '0', 'en_us', ' new fave '),
 ('262', 'field', '14', 'en_us', ' 0 '),
 ('262', 'slug', '0', 'en_us', ''),
 ('262', 'title', '0', 'en_us', ' new fave '),
 ('263', 'field', '14', 'en_us', ' 0 '),
 ('263', 'slug', '0', 'en_us', ''),
 ('263', 'title', '0', 'en_us', ' new fave '),
 ('264', 'field', '14', 'en_us', ' 0 '),
 ('264', 'slug', '0', 'en_us', ''),
 ('264', 'title', '0', 'en_us', ' new fave '),
 ('265', 'field', '14', 'en_us', ' 0 '),
 ('265', 'slug', '0', 'en_us', ''),
 ('265', 'title', '0', 'en_us', ' new fave '),
 ('266', 'field', '14', 'en_us', ' 0 '),
 ('266', 'slug', '0', 'en_us', ''),
 ('266', 'title', '0', 'en_us', ' new fave '),
 ('267', 'field', '14', 'en_us', ' 0 '),
 ('267', 'slug', '0', 'en_us', ''),
 ('267', 'title', '0', 'en_us', ' new fave '),
 ('268', 'field', '14', 'en_us', ' 0 '),
 ('268', 'slug', '0', 'en_us', ''),
 ('268', 'title', '0', 'en_us', ' new fave '),
 ('269', 'field', '14', 'en_us', ' 0 '),
 ('269', 'slug', '0', 'en_us', ''),
 ('269', 'title', '0', 'en_us', ' new fave '),
 ('270', 'field', '14', 'en_us', ' 0 '),
 ('270', 'slug', '0', 'en_us', ''),
 ('270', 'title', '0', 'en_us', ' new fave '),
 ('271', 'field', '14', 'en_us', ' 0 '),
 ('271', 'slug', '0', 'en_us', ''),
 ('271', 'title', '0', 'en_us', ' new fave '),
 ('272', 'field', '14', 'en_us', ' 0 '),
 ('272', 'slug', '0', 'en_us', ''),
 ('272', 'title', '0', 'en_us', ' new fave '),
 ('273', 'field', '14', 'en_us', ' 0 '),
 ('273', 'slug', '0', 'en_us', ''),
 ('273', 'title', '0', 'en_us', ' new fave '),
 ('274', 'field', '14', 'en_us', ' 0 '),
 ('274', 'slug', '0', 'en_us', ''),
 ('274', 'title', '0', 'en_us', ' new fave '),
 ('275', 'field', '14', 'en_us', ' 0 '),
 ('275', 'slug', '0', 'en_us', ''),
 ('275', 'title', '0', 'en_us', ' new fave '),
 ('276', 'field', '14', 'en_us', ' 0 '),
 ('276', 'slug', '0', 'en_us', ''),
 ('276', 'title', '0', 'en_us', ' new fave '),
 ('277', 'field', '14', 'en_us', ' 0 '),
 ('277', 'slug', '0', 'en_us', ''),
 ('277', 'title', '0', 'en_us', ' new fave '),
 ('278', 'field', '14', 'en_us', ' 0 '),
 ('278', 'slug', '0', 'en_us', ''),
 ('278', 'title', '0', 'en_us', ' new fave '),
 ('279', 'field', '14', 'en_us', ' 0 '),
 ('279', 'slug', '0', 'en_us', ''),
 ('279', 'title', '0', 'en_us', ' new fave '),
 ('280', 'field', '14', 'en_us', ' 0 '),
 ('280', 'slug', '0', 'en_us', ''),
 ('280', 'title', '0', 'en_us', ' new fave '),
 ('281', 'field', '14', 'en_us', ' 0 '),
 ('281', 'slug', '0', 'en_us', ''),
 ('281', 'title', '0', 'en_us', ' new fave '),
 ('282', 'field', '14', 'en_us', ' 0 '),
 ('282', 'slug', '0', 'en_us', ''),
 ('282', 'title', '0', 'en_us', ' new fave '),
 ('283', 'field', '14', 'en_us', ' 0 '),
 ('283', 'slug', '0', 'en_us', ''),
 ('283', 'title', '0', 'en_us', ' new fave '),
 ('284', 'field', '14', 'en_us', ' 0 '),
 ('284', 'slug', '0', 'en_us', ''),
 ('284', 'title', '0', 'en_us', ' new fave '),
 ('285', 'field', '14', 'en_us', ' 0 '),
 ('285', 'slug', '0', 'en_us', ''),
 ('285', 'title', '0', 'en_us', ' new fave '),
 ('286', 'field', '14', 'en_us', ' 0 '),
 ('286', 'slug', '0', 'en_us', ''),
 ('286', 'title', '0', 'en_us', ' new fave '),
 ('287', 'field', '14', 'en_us', ' 0 '),
 ('287', 'slug', '0', 'en_us', ''),
 ('287', 'title', '0', 'en_us', ' new fave '),
 ('288', 'field', '14', 'en_us', ' 0 '),
 ('288', 'slug', '0', 'en_us', ''),
 ('288', 'title', '0', 'en_us', ' new fave '),
 ('289', 'field', '14', 'en_us', ' 0 '),
 ('289', 'slug', '0', 'en_us', ''),
 ('289', 'title', '0', 'en_us', ' new fave '),
 ('290', 'field', '14', 'en_us', ' 0 '),
 ('290', 'slug', '0', 'en_us', ''),
 ('290', 'title', '0', 'en_us', ' new fave '),
 ('291', 'field', '14', 'en_us', ' 0 '),
 ('291', 'slug', '0', 'en_us', ''),
 ('291', 'title', '0', 'en_us', ' new fave ');
INSERT INTO `craft_searchindex` (`elementId`, `attribute`, `fieldId`, `locale`, `keywords`) VALUES
 ('292', 'field', '14', 'en_us', ' 0 '),
 ('292', 'slug', '0', 'en_us', ''),
 ('292', 'title', '0', 'en_us', ' new fave '),
 ('293', 'field', '14', 'en_us', ' 0 '),
 ('293', 'slug', '0', 'en_us', ''),
 ('293', 'title', '0', 'en_us', ' new fave '),
 ('294', 'field', '14', 'en_us', ' 0 '),
 ('294', 'slug', '0', 'en_us', ''),
 ('294', 'title', '0', 'en_us', ' new fave '),
 ('295', 'field', '14', 'en_us', ' 0 '),
 ('295', 'slug', '0', 'en_us', ''),
 ('295', 'title', '0', 'en_us', ' new fave '),
 ('296', 'field', '14', 'en_us', ' 0 '),
 ('296', 'slug', '0', 'en_us', ''),
 ('296', 'title', '0', 'en_us', ' new fave '),
 ('297', 'field', '14', 'en_us', ' 0 '),
 ('297', 'slug', '0', 'en_us', ''),
 ('297', 'title', '0', 'en_us', ' new fave '),
 ('298', 'field', '14', 'en_us', ' 0 '),
 ('298', 'slug', '0', 'en_us', ''),
 ('298', 'title', '0', 'en_us', ' new fave '),
 ('299', 'field', '14', 'en_us', ' 0 '),
 ('299', 'slug', '0', 'en_us', ''),
 ('299', 'title', '0', 'en_us', ' new fave '),
 ('300', 'field', '14', 'en_us', ' 0 '),
 ('300', 'slug', '0', 'en_us', ''),
 ('300', 'title', '0', 'en_us', ' new fave '),
 ('301', 'field', '14', 'en_us', ' 0 '),
 ('301', 'slug', '0', 'en_us', ''),
 ('301', 'title', '0', 'en_us', ' new fave '),
 ('302', 'field', '14', 'en_us', ' 0 '),
 ('302', 'slug', '0', 'en_us', ''),
 ('302', 'title', '0', 'en_us', ' new fave '),
 ('303', 'field', '14', 'en_us', ' 0 '),
 ('303', 'slug', '0', 'en_us', ''),
 ('303', 'title', '0', 'en_us', ' new fave '),
 ('304', 'field', '14', 'en_us', ' 0 '),
 ('304', 'slug', '0', 'en_us', ''),
 ('304', 'title', '0', 'en_us', ' new fave '),
 ('305', 'field', '14', 'en_us', ' 0 '),
 ('305', 'slug', '0', 'en_us', ''),
 ('305', 'title', '0', 'en_us', ' new fave '),
 ('306', 'field', '14', 'en_us', ' 0 '),
 ('306', 'slug', '0', 'en_us', ''),
 ('306', 'title', '0', 'en_us', ' new fave '),
 ('307', 'field', '14', 'en_us', ' 0 '),
 ('307', 'slug', '0', 'en_us', ''),
 ('307', 'title', '0', 'en_us', ' new fave '),
 ('308', 'field', '14', 'en_us', ' 0 '),
 ('308', 'slug', '0', 'en_us', ''),
 ('308', 'title', '0', 'en_us', ' new fave '),
 ('309', 'field', '14', 'en_us', ' 0 '),
 ('309', 'slug', '0', 'en_us', ''),
 ('309', 'title', '0', 'en_us', ' new fave '),
 ('310', 'field', '14', 'en_us', ' 0 '),
 ('310', 'slug', '0', 'en_us', ''),
 ('310', 'title', '0', 'en_us', ' new fave '),
 ('311', 'field', '14', 'en_us', ' 0 '),
 ('311', 'slug', '0', 'en_us', ''),
 ('311', 'title', '0', 'en_us', ' new fave '),
 ('312', 'field', '14', 'en_us', ' 0 '),
 ('312', 'slug', '0', 'en_us', ''),
 ('312', 'title', '0', 'en_us', ' new fave '),
 ('313', 'field', '14', 'en_us', ' 0 '),
 ('313', 'slug', '0', 'en_us', ''),
 ('313', 'title', '0', 'en_us', ' new fave '),
 ('314', 'field', '14', 'en_us', ' 0 '),
 ('314', 'slug', '0', 'en_us', ''),
 ('314', 'title', '0', 'en_us', ' new fave '),
 ('315', 'field', '14', 'en_us', ' 0 '),
 ('315', 'slug', '0', 'en_us', ''),
 ('315', 'title', '0', 'en_us', ' new fave '),
 ('316', 'field', '14', 'en_us', ' 0 '),
 ('316', 'slug', '0', 'en_us', ''),
 ('316', 'title', '0', 'en_us', ' new fave '),
 ('317', 'field', '14', 'en_us', ' 0 '),
 ('317', 'slug', '0', 'en_us', ''),
 ('317', 'title', '0', 'en_us', ' new fave '),
 ('318', 'field', '14', 'en_us', ' 0 '),
 ('318', 'slug', '0', 'en_us', ''),
 ('318', 'title', '0', 'en_us', ' new fave '),
 ('319', 'field', '14', 'en_us', ' 0 '),
 ('319', 'slug', '0', 'en_us', ''),
 ('319', 'title', '0', 'en_us', ' new fave '),
 ('320', 'field', '14', 'en_us', ' 0 '),
 ('320', 'slug', '0', 'en_us', ''),
 ('320', 'title', '0', 'en_us', ' new fave '),
 ('321', 'field', '14', 'en_us', ' 0 '),
 ('321', 'slug', '0', 'en_us', ''),
 ('321', 'title', '0', 'en_us', ' new fave '),
 ('322', 'field', '14', 'en_us', ' 0 '),
 ('322', 'slug', '0', 'en_us', ''),
 ('322', 'title', '0', 'en_us', ' new fave '),
 ('323', 'field', '14', 'en_us', ' 0 '),
 ('323', 'slug', '0', 'en_us', ''),
 ('323', 'title', '0', 'en_us', ' new fave '),
 ('324', 'field', '14', 'en_us', ' 0 '),
 ('324', 'slug', '0', 'en_us', ''),
 ('324', 'title', '0', 'en_us', ' new fave '),
 ('325', 'field', '14', 'en_us', ' 0 ');
INSERT INTO `craft_searchindex` (`elementId`, `attribute`, `fieldId`, `locale`, `keywords`) VALUES
 ('325', 'slug', '0', 'en_us', ''),
 ('325', 'title', '0', 'en_us', ' new fave '),
 ('326', 'field', '14', 'en_us', ' 0 '),
 ('326', 'slug', '0', 'en_us', ''),
 ('326', 'title', '0', 'en_us', ' new fave '),
 ('327', 'field', '14', 'en_us', ' 0 '),
 ('327', 'slug', '0', 'en_us', ''),
 ('327', 'title', '0', 'en_us', ' new fave '),
 ('328', 'field', '14', 'en_us', ' 0 '),
 ('328', 'slug', '0', 'en_us', ''),
 ('328', 'title', '0', 'en_us', ' new fave '),
 ('329', 'field', '14', 'en_us', ' 0 '),
 ('329', 'slug', '0', 'en_us', ''),
 ('329', 'title', '0', 'en_us', ' new fave '),
 ('330', 'field', '14', 'en_us', ' 0 '),
 ('330', 'slug', '0', 'en_us', ''),
 ('330', 'title', '0', 'en_us', ' new fave '),
 ('331', 'field', '14', 'en_us', ' 0 '),
 ('331', 'slug', '0', 'en_us', ''),
 ('331', 'title', '0', 'en_us', ' new fave '),
 ('332', 'field', '14', 'en_us', ' 0 '),
 ('332', 'slug', '0', 'en_us', ''),
 ('332', 'title', '0', 'en_us', ' new fave '),
 ('333', 'field', '14', 'en_us', ' 0 '),
 ('333', 'slug', '0', 'en_us', ''),
 ('333', 'title', '0', 'en_us', ' new fave '),
 ('334', 'field', '14', 'en_us', ' 0 '),
 ('334', 'slug', '0', 'en_us', ''),
 ('334', 'title', '0', 'en_us', ' new fave '),
 ('335', 'field', '14', 'en_us', ' 0 '),
 ('335', 'slug', '0', 'en_us', ''),
 ('335', 'title', '0', 'en_us', ' new fave '),
 ('336', 'field', '14', 'en_us', ' 0 '),
 ('336', 'slug', '0', 'en_us', ''),
 ('336', 'title', '0', 'en_us', ' new fave '),
 ('337', 'field', '14', 'en_us', ' 0 '),
 ('337', 'slug', '0', 'en_us', ''),
 ('337', 'title', '0', 'en_us', ' new fave '),
 ('338', 'field', '14', 'en_us', ' 0 '),
 ('338', 'slug', '0', 'en_us', ''),
 ('338', 'title', '0', 'en_us', ' new fave '),
 ('339', 'field', '14', 'en_us', ' 0 '),
 ('339', 'slug', '0', 'en_us', ''),
 ('339', 'title', '0', 'en_us', ' new fave '),
 ('340', 'field', '14', 'en_us', ' 0 '),
 ('340', 'slug', '0', 'en_us', ''),
 ('340', 'title', '0', 'en_us', ' new fave '),
 ('341', 'field', '14', 'en_us', ' 0 '),
 ('341', 'slug', '0', 'en_us', ''),
 ('341', 'title', '0', 'en_us', ' new fave '),
 ('342', 'field', '14', 'en_us', ' 0 '),
 ('342', 'slug', '0', 'en_us', ''),
 ('342', 'title', '0', 'en_us', ' new fave '),
 ('343', 'field', '14', 'en_us', ' 0 '),
 ('343', 'slug', '0', 'en_us', ''),
 ('343', 'title', '0', 'en_us', ' new fave '),
 ('344', 'field', '14', 'en_us', ' 0 '),
 ('344', 'slug', '0', 'en_us', ''),
 ('344', 'title', '0', 'en_us', ' new fave '),
 ('345', 'field', '14', 'en_us', ' 0 '),
 ('345', 'slug', '0', 'en_us', ''),
 ('345', 'title', '0', 'en_us', ' new fave '),
 ('346', 'field', '14', 'en_us', ' 0 '),
 ('346', 'slug', '0', 'en_us', ''),
 ('346', 'title', '0', 'en_us', ' new fave '),
 ('347', 'field', '14', 'en_us', ' 0 '),
 ('347', 'slug', '0', 'en_us', ''),
 ('347', 'title', '0', 'en_us', ' new fave '),
 ('348', 'field', '14', 'en_us', ' 0 '),
 ('348', 'slug', '0', 'en_us', ''),
 ('348', 'title', '0', 'en_us', ' new fave '),
 ('349', 'field', '14', 'en_us', ' 0 '),
 ('349', 'slug', '0', 'en_us', ''),
 ('349', 'title', '0', 'en_us', ' new fave '),
 ('350', 'field', '14', 'en_us', ' 0 '),
 ('350', 'slug', '0', 'en_us', ''),
 ('350', 'title', '0', 'en_us', ' new fave '),
 ('351', 'field', '14', 'en_us', ' 0 '),
 ('351', 'slug', '0', 'en_us', ''),
 ('351', 'title', '0', 'en_us', ' new fave '),
 ('352', 'field', '14', 'en_us', ' 0 '),
 ('352', 'slug', '0', 'en_us', ''),
 ('352', 'title', '0', 'en_us', ' new fave '),
 ('353', 'field', '14', 'en_us', ' 0 '),
 ('353', 'slug', '0', 'en_us', ''),
 ('353', 'title', '0', 'en_us', ' new fave '),
 ('354', 'field', '14', 'en_us', ' 0 '),
 ('354', 'slug', '0', 'en_us', ''),
 ('354', 'title', '0', 'en_us', ' new fave '),
 ('355', 'field', '14', 'en_us', ' 0 '),
 ('355', 'slug', '0', 'en_us', ''),
 ('355', 'title', '0', 'en_us', ' new fave '),
 ('356', 'field', '14', 'en_us', ' 0 '),
 ('356', 'slug', '0', 'en_us', ''),
 ('356', 'title', '0', 'en_us', ' new fave '),
 ('357', 'field', '14', 'en_us', ' 0 '),
 ('357', 'slug', '0', 'en_us', ''),
 ('357', 'title', '0', 'en_us', ' new fave '),
 ('358', 'field', '14', 'en_us', ' 0 '),
 ('358', 'slug', '0', 'en_us', '');
INSERT INTO `craft_searchindex` (`elementId`, `attribute`, `fieldId`, `locale`, `keywords`) VALUES
 ('358', 'title', '0', 'en_us', ' new fave '),
 ('359', 'field', '14', 'en_us', ' 0 '),
 ('359', 'slug', '0', 'en_us', ''),
 ('359', 'title', '0', 'en_us', ' new fave '),
 ('360', 'field', '14', 'en_us', ' 0 '),
 ('360', 'slug', '0', 'en_us', ''),
 ('360', 'title', '0', 'en_us', ' new fave '),
 ('361', 'field', '14', 'en_us', ' 0 '),
 ('361', 'slug', '0', 'en_us', ''),
 ('361', 'title', '0', 'en_us', ' new fave '),
 ('362', 'field', '14', 'en_us', ' 0 '),
 ('362', 'slug', '0', 'en_us', ''),
 ('362', 'title', '0', 'en_us', ' new fave '),
 ('363', 'field', '14', 'en_us', ' 0 '),
 ('363', 'slug', '0', 'en_us', ''),
 ('363', 'title', '0', 'en_us', ' new fave '),
 ('364', 'field', '14', 'en_us', ' 0 '),
 ('364', 'slug', '0', 'en_us', ''),
 ('364', 'title', '0', 'en_us', ' new fave '),
 ('365', 'field', '14', 'en_us', ' 0 '),
 ('365', 'slug', '0', 'en_us', ''),
 ('365', 'title', '0', 'en_us', ' new fave '),
 ('366', 'field', '14', 'en_us', ' 0 '),
 ('366', 'slug', '0', 'en_us', ''),
 ('366', 'title', '0', 'en_us', ' new fave '),
 ('367', 'field', '14', 'en_us', ' 0 '),
 ('367', 'slug', '0', 'en_us', ''),
 ('367', 'title', '0', 'en_us', ' new fave '),
 ('368', 'field', '14', 'en_us', ' 0 '),
 ('368', 'slug', '0', 'en_us', ''),
 ('368', 'title', '0', 'en_us', ' new fave '),
 ('369', 'field', '14', 'en_us', ' 0 '),
 ('369', 'slug', '0', 'en_us', ''),
 ('369', 'title', '0', 'en_us', ' new fave '),
 ('370', 'field', '14', 'en_us', ' 0 '),
 ('370', 'slug', '0', 'en_us', ''),
 ('370', 'title', '0', 'en_us', ' new fave '),
 ('371', 'field', '14', 'en_us', ' 0 '),
 ('371', 'slug', '0', 'en_us', ''),
 ('371', 'title', '0', 'en_us', ' new fave '),
 ('372', 'field', '14', 'en_us', ' 0 '),
 ('372', 'slug', '0', 'en_us', ''),
 ('372', 'title', '0', 'en_us', ' new fave '),
 ('373', 'field', '14', 'en_us', ' 0 '),
 ('373', 'slug', '0', 'en_us', ''),
 ('373', 'title', '0', 'en_us', ' new fave '),
 ('374', 'field', '14', 'en_us', ' 0 '),
 ('374', 'slug', '0', 'en_us', ''),
 ('374', 'title', '0', 'en_us', ' new fave '),
 ('375', 'field', '14', 'en_us', ' 0 '),
 ('375', 'slug', '0', 'en_us', ''),
 ('375', 'title', '0', 'en_us', ' new fave '),
 ('376', 'field', '14', 'en_us', ' 0 '),
 ('376', 'slug', '0', 'en_us', ''),
 ('376', 'title', '0', 'en_us', ' new fave '),
 ('377', 'field', '14', 'en_us', ' 0 '),
 ('377', 'slug', '0', 'en_us', ''),
 ('377', 'title', '0', 'en_us', ' new fave '),
 ('378', 'field', '14', 'en_us', ' 0 '),
 ('378', 'slug', '0', 'en_us', ''),
 ('378', 'title', '0', 'en_us', ' new fave '),
 ('379', 'field', '14', 'en_us', ' 0 '),
 ('379', 'slug', '0', 'en_us', ''),
 ('379', 'title', '0', 'en_us', ' new fave '),
 ('380', 'field', '14', 'en_us', ' 0 '),
 ('380', 'slug', '0', 'en_us', ''),
 ('380', 'title', '0', 'en_us', ' new fave '),
 ('381', 'field', '14', 'en_us', ' 0 '),
 ('381', 'slug', '0', 'en_us', ''),
 ('381', 'title', '0', 'en_us', ' new fave '),
 ('382', 'field', '14', 'en_us', ' 0 '),
 ('382', 'slug', '0', 'en_us', ''),
 ('382', 'title', '0', 'en_us', ' new fave '),
 ('383', 'field', '14', 'en_us', ' 0 '),
 ('383', 'slug', '0', 'en_us', ''),
 ('383', 'title', '0', 'en_us', ' new fave '),
 ('384', 'field', '14', 'en_us', ' 0 '),
 ('384', 'slug', '0', 'en_us', ''),
 ('384', 'title', '0', 'en_us', ' new fave '),
 ('385', 'field', '14', 'en_us', ' 0 '),
 ('385', 'slug', '0', 'en_us', ''),
 ('385', 'title', '0', 'en_us', ' new fave '),
 ('386', 'field', '14', 'en_us', ' 0 '),
 ('386', 'slug', '0', 'en_us', ''),
 ('386', 'title', '0', 'en_us', ' new fave '),
 ('387', 'field', '14', 'en_us', ' 0 '),
 ('387', 'slug', '0', 'en_us', ''),
 ('387', 'title', '0', 'en_us', ' new fave '),
 ('388', 'field', '14', 'en_us', ' 0 '),
 ('388', 'slug', '0', 'en_us', ''),
 ('388', 'title', '0', 'en_us', ' new fave '),
 ('389', 'field', '14', 'en_us', ' 0 '),
 ('389', 'slug', '0', 'en_us', ''),
 ('389', 'title', '0', 'en_us', ' new fave '),
 ('390', 'field', '14', 'en_us', ' 0 '),
 ('390', 'slug', '0', 'en_us', ''),
 ('390', 'title', '0', 'en_us', ' new fave '),
 ('391', 'field', '14', 'en_us', ' 0 '),
 ('391', 'slug', '0', 'en_us', ''),
 ('391', 'title', '0', 'en_us', ' new fave ');
INSERT INTO `craft_searchindex` (`elementId`, `attribute`, `fieldId`, `locale`, `keywords`) VALUES
 ('392', 'field', '14', 'en_us', ' 0 '),
 ('392', 'slug', '0', 'en_us', ''),
 ('392', 'title', '0', 'en_us', ' new fave '),
 ('393', 'field', '14', 'en_us', ' 0 '),
 ('393', 'slug', '0', 'en_us', ''),
 ('393', 'title', '0', 'en_us', ' new fave '),
 ('394', 'field', '14', 'en_us', ' 0 '),
 ('394', 'slug', '0', 'en_us', ''),
 ('394', 'title', '0', 'en_us', ' new fave '),
 ('395', 'field', '14', 'en_us', ' 0 '),
 ('395', 'slug', '0', 'en_us', ''),
 ('395', 'title', '0', 'en_us', ' new fave '),
 ('396', 'field', '14', 'en_us', ' 0 '),
 ('396', 'slug', '0', 'en_us', ''),
 ('396', 'title', '0', 'en_us', ' new fave '),
 ('397', 'field', '14', 'en_us', ' 0 '),
 ('397', 'slug', '0', 'en_us', ''),
 ('397', 'title', '0', 'en_us', ' new fave '),
 ('398', 'field', '14', 'en_us', ' 0 '),
 ('398', 'slug', '0', 'en_us', ''),
 ('398', 'title', '0', 'en_us', ' new fave '),
 ('399', 'field', '14', 'en_us', ' 0 '),
 ('399', 'slug', '0', 'en_us', ''),
 ('399', 'title', '0', 'en_us', ' new fave '),
 ('400', 'field', '14', 'en_us', ' 0 '),
 ('400', 'slug', '0', 'en_us', ''),
 ('400', 'title', '0', 'en_us', ' new fave '),
 ('401', 'field', '14', 'en_us', ' 0 '),
 ('401', 'slug', '0', 'en_us', ''),
 ('401', 'title', '0', 'en_us', ' new fave '),
 ('402', 'field', '14', 'en_us', ' 0 '),
 ('402', 'slug', '0', 'en_us', ''),
 ('402', 'title', '0', 'en_us', ' new fave '),
 ('403', 'field', '14', 'en_us', ' 0 '),
 ('403', 'slug', '0', 'en_us', ''),
 ('403', 'title', '0', 'en_us', ' new fave '),
 ('404', 'field', '14', 'en_us', ' 0 '),
 ('404', 'slug', '0', 'en_us', ''),
 ('404', 'title', '0', 'en_us', ' new fave '),
 ('405', 'field', '14', 'en_us', ' 0 '),
 ('405', 'slug', '0', 'en_us', ''),
 ('405', 'title', '0', 'en_us', ' new fave '),
 ('406', 'field', '14', 'en_us', ' 0 '),
 ('406', 'slug', '0', 'en_us', ''),
 ('406', 'title', '0', 'en_us', ' new fave '),
 ('407', 'field', '14', 'en_us', ' 0 '),
 ('407', 'slug', '0', 'en_us', ''),
 ('407', 'title', '0', 'en_us', ' new fave '),
 ('408', 'field', '14', 'en_us', ' 0 '),
 ('408', 'slug', '0', 'en_us', ''),
 ('408', 'title', '0', 'en_us', ' new fave '),
 ('409', 'field', '14', 'en_us', ' 0 '),
 ('409', 'slug', '0', 'en_us', ''),
 ('409', 'title', '0', 'en_us', ' new fave '),
 ('410', 'field', '14', 'en_us', ' 0 '),
 ('410', 'slug', '0', 'en_us', ''),
 ('410', 'title', '0', 'en_us', ' new fave '),
 ('411', 'field', '14', 'en_us', ' 0 '),
 ('411', 'slug', '0', 'en_us', ''),
 ('411', 'title', '0', 'en_us', ' new fave '),
 ('412', 'field', '14', 'en_us', ' 0 '),
 ('412', 'slug', '0', 'en_us', ''),
 ('412', 'title', '0', 'en_us', ' new fave '),
 ('413', 'field', '14', 'en_us', ' 0 '),
 ('413', 'slug', '0', 'en_us', ''),
 ('413', 'title', '0', 'en_us', ' new fave '),
 ('414', 'field', '14', 'en_us', ' 0 '),
 ('414', 'slug', '0', 'en_us', ''),
 ('414', 'title', '0', 'en_us', ' new fave '),
 ('415', 'field', '14', 'en_us', ' 0 '),
 ('415', 'slug', '0', 'en_us', ''),
 ('415', 'title', '0', 'en_us', ' new fave '),
 ('416', 'field', '14', 'en_us', ' 0 '),
 ('416', 'slug', '0', 'en_us', ''),
 ('416', 'title', '0', 'en_us', ' new fave '),
 ('417', 'field', '14', 'en_us', ' 0 '),
 ('417', 'slug', '0', 'en_us', ''),
 ('417', 'title', '0', 'en_us', ' new fave '),
 ('418', 'field', '14', 'en_us', ' 0 '),
 ('418', 'slug', '0', 'en_us', ''),
 ('418', 'title', '0', 'en_us', ' new fave '),
 ('419', 'field', '14', 'en_us', ' 0 '),
 ('419', 'slug', '0', 'en_us', ''),
 ('419', 'title', '0', 'en_us', ' new fave '),
 ('420', 'field', '14', 'en_us', ' 0 '),
 ('420', 'slug', '0', 'en_us', ''),
 ('420', 'title', '0', 'en_us', ' new fave '),
 ('421', 'field', '14', 'en_us', ' 0 '),
 ('421', 'slug', '0', 'en_us', ''),
 ('421', 'title', '0', 'en_us', ' new fave '),
 ('422', 'field', '14', 'en_us', ' 0 '),
 ('422', 'slug', '0', 'en_us', ''),
 ('422', 'title', '0', 'en_us', ' new fave '),
 ('423', 'field', '14', 'en_us', ' 0 '),
 ('423', 'slug', '0', 'en_us', ''),
 ('423', 'title', '0', 'en_us', ' new fave '),
 ('424', 'field', '14', 'en_us', ' 0 '),
 ('424', 'slug', '0', 'en_us', ''),
 ('424', 'title', '0', 'en_us', ' new fave '),
 ('425', 'field', '14', 'en_us', ' 0 ');
INSERT INTO `craft_searchindex` (`elementId`, `attribute`, `fieldId`, `locale`, `keywords`) VALUES
 ('425', 'slug', '0', 'en_us', ''),
 ('425', 'title', '0', 'en_us', ' new fave '),
 ('426', 'field', '14', 'en_us', ' 0 '),
 ('426', 'slug', '0', 'en_us', ''),
 ('426', 'title', '0', 'en_us', ' new fave '),
 ('427', 'field', '14', 'en_us', ' 0 '),
 ('427', 'slug', '0', 'en_us', ''),
 ('427', 'title', '0', 'en_us', ' new fave '),
 ('428', 'field', '14', 'en_us', ' 0 '),
 ('428', 'slug', '0', 'en_us', ''),
 ('428', 'title', '0', 'en_us', ' new fave '),
 ('429', 'field', '14', 'en_us', ' 0 '),
 ('429', 'slug', '0', 'en_us', ''),
 ('429', 'title', '0', 'en_us', ' new fave '),
 ('430', 'field', '14', 'en_us', ' 0 '),
 ('430', 'slug', '0', 'en_us', ''),
 ('430', 'title', '0', 'en_us', ' new fave '),
 ('431', 'field', '14', 'en_us', ' 0 '),
 ('431', 'slug', '0', 'en_us', ''),
 ('431', 'title', '0', 'en_us', ' new fave '),
 ('432', 'field', '14', 'en_us', ' 0 '),
 ('432', 'slug', '0', 'en_us', ''),
 ('432', 'title', '0', 'en_us', ' new fave '),
 ('433', 'field', '14', 'en_us', ' 0 '),
 ('433', 'slug', '0', 'en_us', ''),
 ('433', 'title', '0', 'en_us', ' new fave '),
 ('434', 'field', '14', 'en_us', ' 0 '),
 ('434', 'slug', '0', 'en_us', ''),
 ('434', 'title', '0', 'en_us', ' new fave '),
 ('435', 'field', '14', 'en_us', ' 0 '),
 ('435', 'slug', '0', 'en_us', ''),
 ('435', 'title', '0', 'en_us', ' new fave '),
 ('436', 'field', '14', 'en_us', ' 0 '),
 ('436', 'slug', '0', 'en_us', ''),
 ('436', 'title', '0', 'en_us', ' new fave '),
 ('437', 'field', '14', 'en_us', ' 0 '),
 ('437', 'slug', '0', 'en_us', ''),
 ('437', 'title', '0', 'en_us', ' new fave '),
 ('438', 'field', '14', 'en_us', ' 0 '),
 ('438', 'slug', '0', 'en_us', ''),
 ('438', 'title', '0', 'en_us', ' new fave '),
 ('439', 'field', '14', 'en_us', ' 0 '),
 ('439', 'slug', '0', 'en_us', ''),
 ('439', 'title', '0', 'en_us', ' new fave '),
 ('440', 'field', '14', 'en_us', ' 0 '),
 ('440', 'slug', '0', 'en_us', ''),
 ('440', 'title', '0', 'en_us', ' new fave '),
 ('441', 'field', '14', 'en_us', ' 0 '),
 ('441', 'slug', '0', 'en_us', ''),
 ('441', 'title', '0', 'en_us', ' new fave '),
 ('442', 'field', '14', 'en_us', ' 0 '),
 ('442', 'slug', '0', 'en_us', ''),
 ('442', 'title', '0', 'en_us', ' new fave '),
 ('443', 'field', '14', 'en_us', ' 0 '),
 ('443', 'slug', '0', 'en_us', ''),
 ('443', 'title', '0', 'en_us', ' new fave '),
 ('444', 'field', '14', 'en_us', ' 0 '),
 ('444', 'slug', '0', 'en_us', ''),
 ('444', 'title', '0', 'en_us', ' new fave '),
 ('445', 'field', '14', 'en_us', ' 0 '),
 ('445', 'slug', '0', 'en_us', ''),
 ('445', 'title', '0', 'en_us', ' new fave '),
 ('446', 'field', '14', 'en_us', ' 0 '),
 ('446', 'slug', '0', 'en_us', ''),
 ('446', 'title', '0', 'en_us', ' new fave '),
 ('447', 'field', '14', 'en_us', ' 0 '),
 ('447', 'slug', '0', 'en_us', ''),
 ('447', 'title', '0', 'en_us', ' new fave '),
 ('448', 'field', '14', 'en_us', ' 0 '),
 ('448', 'slug', '0', 'en_us', ''),
 ('448', 'title', '0', 'en_us', ' new fave '),
 ('449', 'field', '14', 'en_us', ' 0 '),
 ('449', 'slug', '0', 'en_us', ''),
 ('449', 'title', '0', 'en_us', ' new fave '),
 ('450', 'field', '14', 'en_us', ' 0 '),
 ('450', 'slug', '0', 'en_us', ''),
 ('450', 'title', '0', 'en_us', ' new fave '),
 ('451', 'field', '14', 'en_us', ' 0 '),
 ('451', 'slug', '0', 'en_us', ''),
 ('451', 'title', '0', 'en_us', ' new fave '),
 ('452', 'field', '14', 'en_us', ' 0 '),
 ('452', 'slug', '0', 'en_us', ''),
 ('452', 'title', '0', 'en_us', ' new fave '),
 ('453', 'field', '14', 'en_us', ' 0 '),
 ('453', 'slug', '0', 'en_us', ''),
 ('453', 'title', '0', 'en_us', ' new fave '),
 ('454', 'field', '14', 'en_us', ' 0 '),
 ('454', 'slug', '0', 'en_us', ''),
 ('454', 'title', '0', 'en_us', ' new fave '),
 ('455', 'field', '14', 'en_us', ' 0 '),
 ('455', 'slug', '0', 'en_us', ''),
 ('455', 'title', '0', 'en_us', ' new fave '),
 ('456', 'field', '14', 'en_us', ' 0 '),
 ('456', 'slug', '0', 'en_us', ''),
 ('456', 'title', '0', 'en_us', ' new fave '),
 ('457', 'field', '14', 'en_us', ' 0 '),
 ('457', 'slug', '0', 'en_us', ''),
 ('457', 'title', '0', 'en_us', ' new fave '),
 ('458', 'field', '14', 'en_us', ' 0 '),
 ('458', 'slug', '0', 'en_us', '');
INSERT INTO `craft_searchindex` (`elementId`, `attribute`, `fieldId`, `locale`, `keywords`) VALUES
 ('458', 'title', '0', 'en_us', ' new fave '),
 ('459', 'field', '14', 'en_us', ' 0 '),
 ('459', 'slug', '0', 'en_us', ''),
 ('459', 'title', '0', 'en_us', ' new fave '),
 ('460', 'field', '14', 'en_us', ' 0 '),
 ('460', 'slug', '0', 'en_us', ''),
 ('460', 'title', '0', 'en_us', ' new fave '),
 ('461', 'field', '14', 'en_us', ' 0 '),
 ('461', 'slug', '0', 'en_us', ''),
 ('461', 'title', '0', 'en_us', ' new fave '),
 ('462', 'field', '14', 'en_us', ' 0 '),
 ('462', 'slug', '0', 'en_us', ''),
 ('462', 'title', '0', 'en_us', ' new fave '),
 ('463', 'field', '14', 'en_us', ' 0 '),
 ('463', 'slug', '0', 'en_us', ''),
 ('463', 'title', '0', 'en_us', ' new fave '),
 ('464', 'field', '14', 'en_us', ' 0 '),
 ('464', 'slug', '0', 'en_us', ''),
 ('464', 'title', '0', 'en_us', ' new fave '),
 ('465', 'field', '14', 'en_us', ' 0 '),
 ('465', 'slug', '0', 'en_us', ''),
 ('465', 'title', '0', 'en_us', ' new fave '),
 ('466', 'field', '14', 'en_us', ' 0 '),
 ('466', 'slug', '0', 'en_us', ''),
 ('466', 'title', '0', 'en_us', ' new fave '),
 ('467', 'field', '14', 'en_us', ' 0 '),
 ('467', 'slug', '0', 'en_us', ''),
 ('467', 'title', '0', 'en_us', ' new fave '),
 ('468', 'field', '14', 'en_us', ' 0 '),
 ('468', 'slug', '0', 'en_us', ''),
 ('468', 'title', '0', 'en_us', ' new fave '),
 ('469', 'field', '14', 'en_us', ' 0 '),
 ('469', 'slug', '0', 'en_us', ''),
 ('469', 'title', '0', 'en_us', ' new fave '),
 ('470', 'field', '14', 'en_us', ' 0 '),
 ('470', 'slug', '0', 'en_us', ''),
 ('470', 'title', '0', 'en_us', ' new fave '),
 ('471', 'field', '14', 'en_us', ' 0 '),
 ('471', 'slug', '0', 'en_us', ''),
 ('471', 'title', '0', 'en_us', ' new fave '),
 ('472', 'field', '14', 'en_us', ' 0 '),
 ('472', 'slug', '0', 'en_us', ''),
 ('472', 'title', '0', 'en_us', ' new fave '),
 ('473', 'field', '14', 'en_us', ' 0 '),
 ('473', 'slug', '0', 'en_us', ''),
 ('473', 'title', '0', 'en_us', ' new fave '),
 ('474', 'field', '14', 'en_us', ' 0 '),
 ('474', 'slug', '0', 'en_us', ''),
 ('474', 'title', '0', 'en_us', ' new fave '),
 ('475', 'field', '14', 'en_us', ' 0 '),
 ('475', 'slug', '0', 'en_us', ''),
 ('475', 'title', '0', 'en_us', ' new fave '),
 ('476', 'field', '14', 'en_us', ' 0 '),
 ('476', 'slug', '0', 'en_us', ''),
 ('476', 'title', '0', 'en_us', ' new fave '),
 ('477', 'field', '14', 'en_us', ' 0 '),
 ('477', 'slug', '0', 'en_us', ''),
 ('477', 'title', '0', 'en_us', ' new fave '),
 ('478', 'field', '14', 'en_us', ' 0 '),
 ('478', 'slug', '0', 'en_us', ''),
 ('478', 'title', '0', 'en_us', ' new fave '),
 ('479', 'field', '14', 'en_us', ' 0 '),
 ('479', 'slug', '0', 'en_us', ''),
 ('479', 'title', '0', 'en_us', ' new fave '),
 ('480', 'field', '14', 'en_us', ' 0 '),
 ('480', 'slug', '0', 'en_us', ''),
 ('480', 'title', '0', 'en_us', ' new fave '),
 ('481', 'field', '14', 'en_us', ' 0 '),
 ('481', 'slug', '0', 'en_us', ''),
 ('481', 'title', '0', 'en_us', ' new fave '),
 ('482', 'field', '14', 'en_us', ' 0 '),
 ('482', 'slug', '0', 'en_us', ''),
 ('482', 'title', '0', 'en_us', ' new fave '),
 ('483', 'field', '14', 'en_us', ' 0 '),
 ('483', 'slug', '0', 'en_us', ''),
 ('483', 'title', '0', 'en_us', ' new fave '),
 ('484', 'field', '14', 'en_us', ' 0 '),
 ('484', 'slug', '0', 'en_us', ''),
 ('484', 'title', '0', 'en_us', ' new fave '),
 ('485', 'field', '14', 'en_us', ' 0 '),
 ('485', 'slug', '0', 'en_us', ''),
 ('485', 'title', '0', 'en_us', ' new fave '),
 ('486', 'field', '14', 'en_us', ' 0 '),
 ('486', 'slug', '0', 'en_us', ''),
 ('486', 'title', '0', 'en_us', ' new fave '),
 ('487', 'field', '14', 'en_us', ' 0 '),
 ('487', 'slug', '0', 'en_us', ''),
 ('487', 'title', '0', 'en_us', ' new fave '),
 ('488', 'field', '14', 'en_us', ' 0 '),
 ('488', 'slug', '0', 'en_us', ''),
 ('488', 'title', '0', 'en_us', ' new fave '),
 ('489', 'field', '14', 'en_us', ' 0 '),
 ('489', 'slug', '0', 'en_us', ''),
 ('489', 'title', '0', 'en_us', ' new fave '),
 ('490', 'field', '14', 'en_us', ' 0 '),
 ('490', 'slug', '0', 'en_us', ''),
 ('490', 'title', '0', 'en_us', ' new fave '),
 ('491', 'field', '14', 'en_us', ' 0 '),
 ('491', 'slug', '0', 'en_us', ''),
 ('491', 'title', '0', 'en_us', ' new fave ');
INSERT INTO `craft_searchindex` (`elementId`, `attribute`, `fieldId`, `locale`, `keywords`) VALUES
 ('492', 'field', '14', 'en_us', ' 0 '),
 ('492', 'slug', '0', 'en_us', ''),
 ('492', 'title', '0', 'en_us', ' new fave '),
 ('493', 'field', '14', 'en_us', ' 0 '),
 ('493', 'slug', '0', 'en_us', ''),
 ('493', 'title', '0', 'en_us', ' new fave '),
 ('494', 'field', '14', 'en_us', ' 0 '),
 ('494', 'slug', '0', 'en_us', ''),
 ('494', 'title', '0', 'en_us', ' new fave '),
 ('495', 'field', '14', 'en_us', ' 0 '),
 ('495', 'slug', '0', 'en_us', ''),
 ('495', 'title', '0', 'en_us', ' new fave '),
 ('496', 'field', '14', 'en_us', ' 0 '),
 ('496', 'slug', '0', 'en_us', ''),
 ('496', 'title', '0', 'en_us', ' new fave '),
 ('497', 'field', '14', 'en_us', ' 0 '),
 ('497', 'slug', '0', 'en_us', ''),
 ('497', 'title', '0', 'en_us', ' new fave '),
 ('498', 'field', '14', 'en_us', ' 0 '),
 ('498', 'slug', '0', 'en_us', ''),
 ('498', 'title', '0', 'en_us', ' new fave '),
 ('499', 'field', '14', 'en_us', ' 0 '),
 ('499', 'slug', '0', 'en_us', ''),
 ('499', 'title', '0', 'en_us', ' new fave '),
 ('500', 'field', '14', 'en_us', ' 0 '),
 ('500', 'slug', '0', 'en_us', ''),
 ('500', 'title', '0', 'en_us', ' new fave '),
 ('501', 'field', '14', 'en_us', ' 0 '),
 ('501', 'slug', '0', 'en_us', ''),
 ('501', 'title', '0', 'en_us', ' new fave '),
 ('502', 'field', '14', 'en_us', ' 0 '),
 ('502', 'slug', '0', 'en_us', ''),
 ('502', 'title', '0', 'en_us', ' new fave '),
 ('503', 'field', '14', 'en_us', ' 0 '),
 ('503', 'slug', '0', 'en_us', ''),
 ('503', 'title', '0', 'en_us', ' new fave '),
 ('504', 'field', '14', 'en_us', ' 0 '),
 ('504', 'slug', '0', 'en_us', ''),
 ('504', 'title', '0', 'en_us', ' new fave '),
 ('505', 'field', '14', 'en_us', ' 0 '),
 ('505', 'slug', '0', 'en_us', ''),
 ('505', 'title', '0', 'en_us', ' new fave '),
 ('506', 'field', '14', 'en_us', ' 0 '),
 ('506', 'slug', '0', 'en_us', ''),
 ('506', 'title', '0', 'en_us', ' new fave '),
 ('507', 'field', '14', 'en_us', ' 0 '),
 ('507', 'slug', '0', 'en_us', ''),
 ('507', 'title', '0', 'en_us', ' new fave '),
 ('508', 'field', '14', 'en_us', ' 0 '),
 ('508', 'slug', '0', 'en_us', ''),
 ('508', 'title', '0', 'en_us', ' new fave '),
 ('509', 'field', '14', 'en_us', ' 0 '),
 ('509', 'slug', '0', 'en_us', ''),
 ('509', 'title', '0', 'en_us', ' new fave '),
 ('510', 'field', '14', 'en_us', ' 0 '),
 ('510', 'slug', '0', 'en_us', ''),
 ('510', 'title', '0', 'en_us', ' new fave '),
 ('511', 'field', '14', 'en_us', ' 0 '),
 ('511', 'slug', '0', 'en_us', ''),
 ('511', 'title', '0', 'en_us', ' new fave '),
 ('512', 'field', '14', 'en_us', ' 0 '),
 ('512', 'slug', '0', 'en_us', ''),
 ('512', 'title', '0', 'en_us', ' new fave '),
 ('513', 'field', '14', 'en_us', ' 0 '),
 ('513', 'slug', '0', 'en_us', ''),
 ('513', 'title', '0', 'en_us', ' new fave '),
 ('514', 'field', '14', 'en_us', ' 0 '),
 ('514', 'slug', '0', 'en_us', ''),
 ('514', 'title', '0', 'en_us', ' new fave '),
 ('515', 'field', '14', 'en_us', ' 0 '),
 ('515', 'slug', '0', 'en_us', ''),
 ('515', 'title', '0', 'en_us', ' new fave '),
 ('516', 'field', '14', 'en_us', ' 0 '),
 ('516', 'slug', '0', 'en_us', ''),
 ('516', 'title', '0', 'en_us', ' new fave '),
 ('517', 'field', '14', 'en_us', ' 0 '),
 ('517', 'slug', '0', 'en_us', ''),
 ('517', 'title', '0', 'en_us', ' new fave '),
 ('518', 'field', '14', 'en_us', ' 0 '),
 ('518', 'slug', '0', 'en_us', ''),
 ('518', 'title', '0', 'en_us', ' new fave '),
 ('519', 'field', '14', 'en_us', ' 0 '),
 ('519', 'slug', '0', 'en_us', ''),
 ('519', 'title', '0', 'en_us', ' new fave '),
 ('520', 'field', '14', 'en_us', ' 0 '),
 ('520', 'slug', '0', 'en_us', ''),
 ('520', 'title', '0', 'en_us', ' new fave '),
 ('521', 'field', '14', 'en_us', ' 0 '),
 ('521', 'slug', '0', 'en_us', ''),
 ('521', 'title', '0', 'en_us', ' new fave '),
 ('522', 'field', '14', 'en_us', ' 0 '),
 ('522', 'slug', '0', 'en_us', ''),
 ('522', 'title', '0', 'en_us', ' new fave '),
 ('523', 'field', '14', 'en_us', ' 0 '),
 ('523', 'slug', '0', 'en_us', ''),
 ('523', 'title', '0', 'en_us', ' new fave '),
 ('524', 'field', '14', 'en_us', ' 0 '),
 ('524', 'slug', '0', 'en_us', ''),
 ('524', 'title', '0', 'en_us', ' new fave '),
 ('525', 'field', '14', 'en_us', ' 0 ');
INSERT INTO `craft_searchindex` (`elementId`, `attribute`, `fieldId`, `locale`, `keywords`) VALUES
 ('525', 'slug', '0', 'en_us', ''),
 ('525', 'title', '0', 'en_us', ' new fave '),
 ('526', 'field', '14', 'en_us', ' 0 '),
 ('526', 'slug', '0', 'en_us', ''),
 ('526', 'title', '0', 'en_us', ' new fave '),
 ('527', 'field', '14', 'en_us', ' 0 '),
 ('527', 'slug', '0', 'en_us', ''),
 ('527', 'title', '0', 'en_us', ' new fave '),
 ('528', 'field', '14', 'en_us', ' 0 '),
 ('528', 'slug', '0', 'en_us', ''),
 ('528', 'title', '0', 'en_us', ' new fave '),
 ('529', 'field', '14', 'en_us', ' 0 '),
 ('529', 'slug', '0', 'en_us', ''),
 ('529', 'title', '0', 'en_us', ' new fave '),
 ('530', 'field', '14', 'en_us', ' 0 '),
 ('530', 'slug', '0', 'en_us', ''),
 ('530', 'title', '0', 'en_us', ' new fave '),
 ('531', 'field', '14', 'en_us', ' 0 '),
 ('531', 'slug', '0', 'en_us', ''),
 ('531', 'title', '0', 'en_us', ' new fave '),
 ('532', 'field', '14', 'en_us', ' 0 '),
 ('532', 'slug', '0', 'en_us', ''),
 ('532', 'title', '0', 'en_us', ' new fave '),
 ('533', 'field', '14', 'en_us', ' 0 '),
 ('533', 'slug', '0', 'en_us', ''),
 ('533', 'title', '0', 'en_us', ' new fave '),
 ('534', 'field', '14', 'en_us', ' 0 '),
 ('534', 'slug', '0', 'en_us', ''),
 ('534', 'title', '0', 'en_us', ' new fave '),
 ('535', 'field', '14', 'en_us', ' 0 '),
 ('535', 'slug', '0', 'en_us', ''),
 ('535', 'title', '0', 'en_us', ' new fave '),
 ('536', 'field', '14', 'en_us', ' 0 '),
 ('536', 'slug', '0', 'en_us', ''),
 ('536', 'title', '0', 'en_us', ' new fave '),
 ('537', 'field', '14', 'en_us', ' 0 '),
 ('537', 'slug', '0', 'en_us', ''),
 ('537', 'title', '0', 'en_us', ' new fave '),
 ('538', 'field', '14', 'en_us', ' 0 '),
 ('538', 'slug', '0', 'en_us', ''),
 ('538', 'title', '0', 'en_us', ' new fave '),
 ('539', 'field', '14', 'en_us', ' 0 '),
 ('539', 'slug', '0', 'en_us', ''),
 ('539', 'title', '0', 'en_us', ' new fave '),
 ('540', 'field', '14', 'en_us', ' 0 '),
 ('540', 'slug', '0', 'en_us', ''),
 ('540', 'title', '0', 'en_us', ' new fave '),
 ('541', 'field', '14', 'en_us', ' 0 '),
 ('541', 'slug', '0', 'en_us', ''),
 ('541', 'title', '0', 'en_us', ' new fave '),
 ('542', 'field', '14', 'en_us', ' 0 '),
 ('542', 'slug', '0', 'en_us', ''),
 ('542', 'title', '0', 'en_us', ' new fave '),
 ('543', 'field', '14', 'en_us', ' 0 '),
 ('543', 'slug', '0', 'en_us', ''),
 ('543', 'title', '0', 'en_us', ' new fave '),
 ('544', 'field', '14', 'en_us', ' 0 '),
 ('544', 'slug', '0', 'en_us', ''),
 ('544', 'title', '0', 'en_us', ' new fave '),
 ('545', 'field', '14', 'en_us', ' 0 '),
 ('545', 'slug', '0', 'en_us', ''),
 ('545', 'title', '0', 'en_us', ' new fave '),
 ('546', 'field', '14', 'en_us', ' 0 '),
 ('546', 'slug', '0', 'en_us', ''),
 ('546', 'title', '0', 'en_us', ' new fave '),
 ('547', 'field', '14', 'en_us', ' 0 '),
 ('547', 'slug', '0', 'en_us', ''),
 ('547', 'title', '0', 'en_us', ' new fave '),
 ('548', 'field', '14', 'en_us', ' 0 '),
 ('548', 'slug', '0', 'en_us', ''),
 ('548', 'title', '0', 'en_us', ' new fave '),
 ('549', 'field', '14', 'en_us', ' 0 '),
 ('549', 'slug', '0', 'en_us', ''),
 ('549', 'title', '0', 'en_us', ' new fave '),
 ('550', 'field', '14', 'en_us', ' 0 '),
 ('550', 'slug', '0', 'en_us', ''),
 ('550', 'title', '0', 'en_us', ' new fave '),
 ('551', 'field', '14', 'en_us', ' 0 '),
 ('551', 'slug', '0', 'en_us', ''),
 ('551', 'title', '0', 'en_us', ' new fave '),
 ('552', 'field', '14', 'en_us', ' 0 '),
 ('552', 'slug', '0', 'en_us', ''),
 ('552', 'title', '0', 'en_us', ' new fave '),
 ('553', 'field', '14', 'en_us', ' 0 '),
 ('553', 'slug', '0', 'en_us', ''),
 ('553', 'title', '0', 'en_us', ' new fave '),
 ('554', 'field', '14', 'en_us', ' 0 '),
 ('554', 'slug', '0', 'en_us', ''),
 ('554', 'title', '0', 'en_us', ' new fave '),
 ('555', 'field', '14', 'en_us', ' 0 '),
 ('555', 'slug', '0', 'en_us', ''),
 ('555', 'title', '0', 'en_us', ' new fave '),
 ('556', 'field', '14', 'en_us', ' 0 '),
 ('556', 'slug', '0', 'en_us', ''),
 ('556', 'title', '0', 'en_us', ' new fave '),
 ('557', 'field', '14', 'en_us', ' 0 '),
 ('557', 'slug', '0', 'en_us', ''),
 ('557', 'title', '0', 'en_us', ' new fave '),
 ('558', 'field', '14', 'en_us', ' 0 '),
 ('558', 'slug', '0', 'en_us', '');
INSERT INTO `craft_searchindex` (`elementId`, `attribute`, `fieldId`, `locale`, `keywords`) VALUES
 ('558', 'title', '0', 'en_us', ' new fave '),
 ('559', 'field', '14', 'en_us', ' 0 '),
 ('559', 'slug', '0', 'en_us', ''),
 ('559', 'title', '0', 'en_us', ' new fave '),
 ('560', 'field', '14', 'en_us', ' 0 '),
 ('560', 'slug', '0', 'en_us', ''),
 ('560', 'title', '0', 'en_us', ' new fave '),
 ('561', 'field', '14', 'en_us', ' 0 '),
 ('561', 'slug', '0', 'en_us', ''),
 ('561', 'title', '0', 'en_us', ' new fave '),
 ('562', 'field', '14', 'en_us', ' 0 '),
 ('562', 'slug', '0', 'en_us', ''),
 ('562', 'title', '0', 'en_us', ' new fave '),
 ('563', 'field', '14', 'en_us', ' 0 '),
 ('563', 'slug', '0', 'en_us', ''),
 ('563', 'title', '0', 'en_us', ' new fave '),
 ('564', 'field', '14', 'en_us', ' 0 '),
 ('564', 'slug', '0', 'en_us', ''),
 ('564', 'title', '0', 'en_us', ' new fave '),
 ('565', 'field', '14', 'en_us', ' 0 '),
 ('565', 'slug', '0', 'en_us', ''),
 ('565', 'title', '0', 'en_us', ' new fave '),
 ('566', 'field', '14', 'en_us', ' 0 '),
 ('566', 'slug', '0', 'en_us', ''),
 ('566', 'title', '0', 'en_us', ' new fave '),
 ('567', 'field', '14', 'en_us', ' 0 '),
 ('567', 'slug', '0', 'en_us', ''),
 ('567', 'title', '0', 'en_us', ' new fave '),
 ('568', 'field', '14', 'en_us', ' 0 '),
 ('568', 'slug', '0', 'en_us', ''),
 ('568', 'title', '0', 'en_us', ' new fave '),
 ('569', 'field', '14', 'en_us', ' 0 '),
 ('569', 'slug', '0', 'en_us', ''),
 ('569', 'title', '0', 'en_us', ' new fave '),
 ('570', 'field', '14', 'en_us', ' 0 '),
 ('570', 'slug', '0', 'en_us', ''),
 ('570', 'title', '0', 'en_us', ' new fave '),
 ('571', 'field', '14', 'en_us', ' 0 '),
 ('571', 'slug', '0', 'en_us', ''),
 ('571', 'title', '0', 'en_us', ' new fave '),
 ('572', 'field', '14', 'en_us', ' 0 '),
 ('572', 'slug', '0', 'en_us', ''),
 ('572', 'title', '0', 'en_us', ' new fave '),
 ('573', 'field', '14', 'en_us', ' 0 '),
 ('573', 'slug', '0', 'en_us', ''),
 ('573', 'title', '0', 'en_us', ' new fave '),
 ('574', 'field', '14', 'en_us', ' 0 '),
 ('574', 'slug', '0', 'en_us', ''),
 ('574', 'title', '0', 'en_us', ' new fave '),
 ('575', 'field', '14', 'en_us', ' 0 '),
 ('575', 'slug', '0', 'en_us', ''),
 ('575', 'title', '0', 'en_us', ' new fave '),
 ('576', 'field', '14', 'en_us', ' 0 '),
 ('576', 'slug', '0', 'en_us', ''),
 ('576', 'title', '0', 'en_us', ' new fave '),
 ('577', 'field', '14', 'en_us', ' 0 '),
 ('577', 'slug', '0', 'en_us', ''),
 ('577', 'title', '0', 'en_us', ' new fave '),
 ('578', 'field', '14', 'en_us', ' 0 '),
 ('578', 'slug', '0', 'en_us', ''),
 ('578', 'title', '0', 'en_us', ' new fave '),
 ('579', 'field', '14', 'en_us', ' 0 '),
 ('579', 'slug', '0', 'en_us', ''),
 ('579', 'title', '0', 'en_us', ' new fave '),
 ('580', 'field', '14', 'en_us', ' 0 '),
 ('580', 'slug', '0', 'en_us', ''),
 ('580', 'title', '0', 'en_us', ' new fave '),
 ('581', 'field', '14', 'en_us', ' 0 '),
 ('581', 'slug', '0', 'en_us', ''),
 ('581', 'title', '0', 'en_us', ' new fave '),
 ('582', 'field', '14', 'en_us', ' 0 '),
 ('582', 'slug', '0', 'en_us', ''),
 ('582', 'title', '0', 'en_us', ' new fave '),
 ('583', 'field', '14', 'en_us', ' 0 '),
 ('583', 'slug', '0', 'en_us', ''),
 ('583', 'title', '0', 'en_us', ' new fave '),
 ('584', 'field', '14', 'en_us', ' 0 '),
 ('584', 'slug', '0', 'en_us', ''),
 ('584', 'title', '0', 'en_us', ' new fave '),
 ('585', 'field', '14', 'en_us', ' 0 '),
 ('585', 'slug', '0', 'en_us', ''),
 ('585', 'title', '0', 'en_us', ' new fave '),
 ('586', 'field', '14', 'en_us', ' 0 '),
 ('586', 'slug', '0', 'en_us', ''),
 ('586', 'title', '0', 'en_us', ' new fave '),
 ('587', 'field', '14', 'en_us', ' 0 '),
 ('587', 'slug', '0', 'en_us', ''),
 ('587', 'title', '0', 'en_us', ' new fave '),
 ('588', 'field', '14', 'en_us', ' 0 '),
 ('588', 'slug', '0', 'en_us', ''),
 ('588', 'title', '0', 'en_us', ' new fave '),
 ('589', 'field', '14', 'en_us', ' 0 '),
 ('589', 'slug', '0', 'en_us', ''),
 ('589', 'title', '0', 'en_us', ' new fave '),
 ('590', 'field', '14', 'en_us', ' 0 '),
 ('590', 'slug', '0', 'en_us', ''),
 ('590', 'title', '0', 'en_us', ' new fave '),
 ('591', 'field', '14', 'en_us', ' 0 '),
 ('591', 'slug', '0', 'en_us', ''),
 ('591', 'title', '0', 'en_us', ' new fave ');
INSERT INTO `craft_searchindex` (`elementId`, `attribute`, `fieldId`, `locale`, `keywords`) VALUES
 ('592', 'field', '14', 'en_us', ' 0 '),
 ('592', 'slug', '0', 'en_us', ''),
 ('592', 'title', '0', 'en_us', ' new fave '),
 ('593', 'field', '14', 'en_us', ' 0 '),
 ('593', 'slug', '0', 'en_us', ''),
 ('593', 'title', '0', 'en_us', ' new fave '),
 ('594', 'field', '14', 'en_us', ' 0 '),
 ('594', 'slug', '0', 'en_us', ''),
 ('594', 'title', '0', 'en_us', ' new fave '),
 ('595', 'field', '14', 'en_us', ' 0 '),
 ('595', 'slug', '0', 'en_us', ''),
 ('595', 'title', '0', 'en_us', ' new fave '),
 ('596', 'field', '14', 'en_us', ' 0 '),
 ('596', 'slug', '0', 'en_us', ''),
 ('596', 'title', '0', 'en_us', ' new fave '),
 ('597', 'field', '14', 'en_us', ' 0 '),
 ('597', 'slug', '0', 'en_us', ''),
 ('597', 'title', '0', 'en_us', ' new fave '),
 ('598', 'field', '14', 'en_us', ' 0 '),
 ('598', 'slug', '0', 'en_us', ''),
 ('598', 'title', '0', 'en_us', ' new fave '),
 ('599', 'field', '14', 'en_us', ' 0 '),
 ('599', 'slug', '0', 'en_us', ''),
 ('599', 'title', '0', 'en_us', ' new fave '),
 ('600', 'field', '14', 'en_us', ' 0 '),
 ('600', 'slug', '0', 'en_us', ''),
 ('600', 'title', '0', 'en_us', ' new fave '),
 ('601', 'field', '14', 'en_us', ' 0 '),
 ('601', 'slug', '0', 'en_us', ''),
 ('601', 'title', '0', 'en_us', ' new fave '),
 ('602', 'field', '14', 'en_us', ' 0 '),
 ('602', 'slug', '0', 'en_us', ''),
 ('602', 'title', '0', 'en_us', ' new fave '),
 ('603', 'field', '14', 'en_us', ' 0 '),
 ('603', 'slug', '0', 'en_us', ''),
 ('603', 'title', '0', 'en_us', ' new fave '),
 ('604', 'field', '14', 'en_us', ' 0 '),
 ('604', 'slug', '0', 'en_us', ''),
 ('604', 'title', '0', 'en_us', ' new fave '),
 ('605', 'field', '14', 'en_us', ' 0 '),
 ('605', 'slug', '0', 'en_us', ''),
 ('605', 'title', '0', 'en_us', ' new fave '),
 ('606', 'field', '14', 'en_us', ' 0 '),
 ('606', 'slug', '0', 'en_us', ''),
 ('606', 'title', '0', 'en_us', ' new fave '),
 ('607', 'field', '14', 'en_us', ' 0 '),
 ('607', 'slug', '0', 'en_us', ''),
 ('607', 'title', '0', 'en_us', ' new fave '),
 ('608', 'field', '14', 'en_us', ' 0 '),
 ('608', 'slug', '0', 'en_us', ''),
 ('608', 'title', '0', 'en_us', ' new fave '),
 ('609', 'field', '14', 'en_us', ' 0 '),
 ('609', 'slug', '0', 'en_us', ''),
 ('609', 'title', '0', 'en_us', ' new fave '),
 ('610', 'field', '14', 'en_us', ' 0 '),
 ('610', 'slug', '0', 'en_us', ''),
 ('610', 'title', '0', 'en_us', ' new fave '),
 ('611', 'field', '14', 'en_us', ' 0 '),
 ('611', 'slug', '0', 'en_us', ''),
 ('611', 'title', '0', 'en_us', ' new fave '),
 ('612', 'field', '14', 'en_us', ' 0 '),
 ('612', 'slug', '0', 'en_us', ''),
 ('612', 'title', '0', 'en_us', ' new fave '),
 ('613', 'field', '14', 'en_us', ' 0 '),
 ('613', 'slug', '0', 'en_us', ''),
 ('613', 'title', '0', 'en_us', ' new fave '),
 ('614', 'field', '14', 'en_us', ' 0 '),
 ('614', 'slug', '0', 'en_us', ''),
 ('614', 'title', '0', 'en_us', ' new fave '),
 ('615', 'field', '14', 'en_us', ' 0 '),
 ('615', 'slug', '0', 'en_us', ''),
 ('615', 'title', '0', 'en_us', ' new fave '),
 ('616', 'field', '14', 'en_us', ' 0 '),
 ('616', 'slug', '0', 'en_us', ''),
 ('616', 'title', '0', 'en_us', ' new fave '),
 ('617', 'field', '14', 'en_us', ' 0 '),
 ('617', 'slug', '0', 'en_us', ''),
 ('617', 'title', '0', 'en_us', ' new fave '),
 ('618', 'field', '14', 'en_us', ' 0 '),
 ('618', 'slug', '0', 'en_us', ''),
 ('618', 'title', '0', 'en_us', ' new fave '),
 ('619', 'field', '14', 'en_us', ' 0 '),
 ('619', 'slug', '0', 'en_us', ''),
 ('619', 'title', '0', 'en_us', ' new fave '),
 ('620', 'field', '14', 'en_us', ' 0 '),
 ('620', 'slug', '0', 'en_us', ''),
 ('620', 'title', '0', 'en_us', ' new fave '),
 ('621', 'field', '14', 'en_us', ' 0 '),
 ('621', 'slug', '0', 'en_us', ''),
 ('621', 'title', '0', 'en_us', ' new fave '),
 ('622', 'field', '14', 'en_us', ' 0 '),
 ('622', 'slug', '0', 'en_us', ''),
 ('622', 'title', '0', 'en_us', ' new fave '),
 ('623', 'field', '14', 'en_us', ' 0 '),
 ('623', 'slug', '0', 'en_us', ''),
 ('623', 'title', '0', 'en_us', ' new fave '),
 ('624', 'field', '14', 'en_us', ' 0 '),
 ('624', 'slug', '0', 'en_us', ''),
 ('624', 'title', '0', 'en_us', ' new fave '),
 ('625', 'field', '14', 'en_us', ' 0 ');
INSERT INTO `craft_searchindex` (`elementId`, `attribute`, `fieldId`, `locale`, `keywords`) VALUES
 ('625', 'slug', '0', 'en_us', ''),
 ('625', 'title', '0', 'en_us', ' new fave '),
 ('626', 'field', '14', 'en_us', ' 0 '),
 ('626', 'slug', '0', 'en_us', ''),
 ('626', 'title', '0', 'en_us', ' new fave '),
 ('627', 'field', '14', 'en_us', ' 0 '),
 ('627', 'slug', '0', 'en_us', ''),
 ('627', 'title', '0', 'en_us', ' new fave '),
 ('628', 'field', '14', 'en_us', ' 0 '),
 ('628', 'slug', '0', 'en_us', ''),
 ('628', 'title', '0', 'en_us', ' new fave '),
 ('629', 'field', '14', 'en_us', ' 0 '),
 ('629', 'slug', '0', 'en_us', ''),
 ('629', 'title', '0', 'en_us', ' new fave '),
 ('630', 'field', '14', 'en_us', ' 0 '),
 ('630', 'slug', '0', 'en_us', ''),
 ('630', 'title', '0', 'en_us', ' new fave '),
 ('631', 'field', '14', 'en_us', ' 0 '),
 ('631', 'slug', '0', 'en_us', ''),
 ('631', 'title', '0', 'en_us', ' new fave '),
 ('632', 'field', '14', 'en_us', ' 0 '),
 ('632', 'slug', '0', 'en_us', ''),
 ('632', 'title', '0', 'en_us', ' new fave '),
 ('633', 'field', '14', 'en_us', ' 0 '),
 ('633', 'slug', '0', 'en_us', ''),
 ('633', 'title', '0', 'en_us', ' new fave '),
 ('634', 'field', '14', 'en_us', ' 0 '),
 ('634', 'slug', '0', 'en_us', ''),
 ('634', 'title', '0', 'en_us', ' new fave '),
 ('635', 'field', '14', 'en_us', ' 0 '),
 ('635', 'slug', '0', 'en_us', ''),
 ('635', 'title', '0', 'en_us', ' new fave '),
 ('636', 'field', '14', 'en_us', ' 0 '),
 ('636', 'slug', '0', 'en_us', ''),
 ('636', 'title', '0', 'en_us', ' new fave '),
 ('637', 'field', '14', 'en_us', ' 0 '),
 ('637', 'slug', '0', 'en_us', ''),
 ('637', 'title', '0', 'en_us', ' new fave '),
 ('638', 'field', '14', 'en_us', ' 0 '),
 ('638', 'slug', '0', 'en_us', ''),
 ('638', 'title', '0', 'en_us', ' new fave '),
 ('639', 'field', '14', 'en_us', ' 0 '),
 ('639', 'slug', '0', 'en_us', ''),
 ('639', 'title', '0', 'en_us', ' new fave '),
 ('640', 'field', '14', 'en_us', ' 0 '),
 ('640', 'slug', '0', 'en_us', ''),
 ('640', 'title', '0', 'en_us', ' new fave '),
 ('641', 'field', '14', 'en_us', ' 0 '),
 ('641', 'slug', '0', 'en_us', ''),
 ('641', 'title', '0', 'en_us', ' new fave '),
 ('642', 'field', '14', 'en_us', ' 0 '),
 ('642', 'slug', '0', 'en_us', ''),
 ('642', 'title', '0', 'en_us', ' new fave '),
 ('643', 'field', '14', 'en_us', ' 0 '),
 ('643', 'slug', '0', 'en_us', ''),
 ('643', 'title', '0', 'en_us', ' new fave '),
 ('644', 'field', '14', 'en_us', ' 0 '),
 ('644', 'slug', '0', 'en_us', ''),
 ('644', 'title', '0', 'en_us', ' new fave '),
 ('645', 'field', '14', 'en_us', ' 0 '),
 ('645', 'slug', '0', 'en_us', ''),
 ('645', 'title', '0', 'en_us', ' new fave '),
 ('646', 'field', '14', 'en_us', ' 0 '),
 ('646', 'slug', '0', 'en_us', ''),
 ('646', 'title', '0', 'en_us', ' new fave '),
 ('647', 'field', '14', 'en_us', ' 0 '),
 ('647', 'slug', '0', 'en_us', ''),
 ('647', 'title', '0', 'en_us', ' new fave '),
 ('648', 'field', '14', 'en_us', ' 0 '),
 ('648', 'slug', '0', 'en_us', ''),
 ('648', 'title', '0', 'en_us', ' new fave '),
 ('649', 'field', '14', 'en_us', ' 0 '),
 ('649', 'slug', '0', 'en_us', ''),
 ('649', 'title', '0', 'en_us', ' new fave '),
 ('650', 'field', '14', 'en_us', ' 0 '),
 ('650', 'slug', '0', 'en_us', ''),
 ('650', 'title', '0', 'en_us', ' new fave '),
 ('651', 'field', '14', 'en_us', ' 0 '),
 ('651', 'slug', '0', 'en_us', ''),
 ('651', 'title', '0', 'en_us', ' new fave '),
 ('652', 'field', '14', 'en_us', ' 0 '),
 ('652', 'slug', '0', 'en_us', ''),
 ('652', 'title', '0', 'en_us', ' new fave '),
 ('653', 'field', '14', 'en_us', ' 0 '),
 ('653', 'slug', '0', 'en_us', ''),
 ('653', 'title', '0', 'en_us', ' new fave '),
 ('654', 'field', '14', 'en_us', ' 0 '),
 ('654', 'slug', '0', 'en_us', ''),
 ('654', 'title', '0', 'en_us', ' new fave '),
 ('655', 'field', '14', 'en_us', ' 0 '),
 ('655', 'slug', '0', 'en_us', ''),
 ('655', 'title', '0', 'en_us', ' new fave '),
 ('656', 'field', '14', 'en_us', ' 0 '),
 ('656', 'slug', '0', 'en_us', ''),
 ('656', 'title', '0', 'en_us', ' new fave '),
 ('657', 'field', '14', 'en_us', ' 0 '),
 ('657', 'slug', '0', 'en_us', ''),
 ('657', 'title', '0', 'en_us', ' new fave '),
 ('658', 'field', '14', 'en_us', ' 0 '),
 ('658', 'slug', '0', 'en_us', '');
INSERT INTO `craft_searchindex` (`elementId`, `attribute`, `fieldId`, `locale`, `keywords`) VALUES
 ('658', 'title', '0', 'en_us', ' new fave '),
 ('659', 'field', '14', 'en_us', ' 0 '),
 ('659', 'slug', '0', 'en_us', ''),
 ('659', 'title', '0', 'en_us', ' new fave '),
 ('660', 'field', '14', 'en_us', ' 0 '),
 ('660', 'slug', '0', 'en_us', ''),
 ('660', 'title', '0', 'en_us', ' new fave '),
 ('661', 'field', '14', 'en_us', ' 0 '),
 ('661', 'slug', '0', 'en_us', ''),
 ('661', 'title', '0', 'en_us', ' new fave '),
 ('662', 'field', '14', 'en_us', ' 0 '),
 ('662', 'slug', '0', 'en_us', ''),
 ('662', 'title', '0', 'en_us', ' new fave '),
 ('663', 'field', '14', 'en_us', ' 0 '),
 ('663', 'slug', '0', 'en_us', ''),
 ('663', 'title', '0', 'en_us', ' new fave '),
 ('664', 'field', '14', 'en_us', ' 0 '),
 ('664', 'slug', '0', 'en_us', ''),
 ('664', 'title', '0', 'en_us', ' new fave '),
 ('665', 'field', '14', 'en_us', ' 0 '),
 ('665', 'slug', '0', 'en_us', ''),
 ('665', 'title', '0', 'en_us', ' new fave '),
 ('666', 'field', '14', 'en_us', ' 0 '),
 ('666', 'slug', '0', 'en_us', ''),
 ('666', 'title', '0', 'en_us', ' new fave '),
 ('667', 'field', '14', 'en_us', ' 0 '),
 ('667', 'slug', '0', 'en_us', ''),
 ('667', 'title', '0', 'en_us', ' new fave '),
 ('668', 'field', '14', 'en_us', ' 0 '),
 ('668', 'slug', '0', 'en_us', ''),
 ('668', 'title', '0', 'en_us', ' new fave '),
 ('669', 'field', '14', 'en_us', ' 0 '),
 ('669', 'slug', '0', 'en_us', ''),
 ('669', 'title', '0', 'en_us', ' new fave '),
 ('670', 'field', '14', 'en_us', ' 0 '),
 ('670', 'slug', '0', 'en_us', ''),
 ('670', 'title', '0', 'en_us', ' new fave '),
 ('671', 'field', '14', 'en_us', ' 0 '),
 ('671', 'slug', '0', 'en_us', ''),
 ('671', 'title', '0', 'en_us', ' new fave '),
 ('672', 'field', '14', 'en_us', ' 0 '),
 ('672', 'slug', '0', 'en_us', ''),
 ('672', 'title', '0', 'en_us', ' new fave '),
 ('673', 'field', '14', 'en_us', ' 0 '),
 ('673', 'slug', '0', 'en_us', ''),
 ('673', 'title', '0', 'en_us', ' new fave '),
 ('674', 'field', '14', 'en_us', ' 0 '),
 ('674', 'slug', '0', 'en_us', ''),
 ('674', 'title', '0', 'en_us', ' new fave '),
 ('675', 'field', '14', 'en_us', ' 0 '),
 ('675', 'slug', '0', 'en_us', ''),
 ('675', 'title', '0', 'en_us', ' new fave '),
 ('676', 'field', '14', 'en_us', ' 0 '),
 ('676', 'slug', '0', 'en_us', ''),
 ('676', 'title', '0', 'en_us', ' new fave '),
 ('677', 'field', '14', 'en_us', ' 0 '),
 ('677', 'slug', '0', 'en_us', ''),
 ('677', 'title', '0', 'en_us', ' new fave '),
 ('678', 'field', '14', 'en_us', ' 0 '),
 ('678', 'slug', '0', 'en_us', ''),
 ('678', 'title', '0', 'en_us', ' new fave '),
 ('679', 'field', '14', 'en_us', ' 0 '),
 ('679', 'slug', '0', 'en_us', ''),
 ('679', 'title', '0', 'en_us', ' new fave '),
 ('680', 'field', '14', 'en_us', ' 0 '),
 ('680', 'slug', '0', 'en_us', ''),
 ('680', 'title', '0', 'en_us', ' new fave '),
 ('681', 'field', '14', 'en_us', ' 0 '),
 ('681', 'slug', '0', 'en_us', ''),
 ('681', 'title', '0', 'en_us', ' new fave '),
 ('682', 'field', '14', 'en_us', ' 0 '),
 ('682', 'slug', '0', 'en_us', ''),
 ('682', 'title', '0', 'en_us', ' new fave '),
 ('683', 'field', '14', 'en_us', ' 0 '),
 ('683', 'slug', '0', 'en_us', ''),
 ('683', 'title', '0', 'en_us', ' new fave '),
 ('684', 'field', '14', 'en_us', ' 0 '),
 ('684', 'slug', '0', 'en_us', ''),
 ('684', 'title', '0', 'en_us', ' new fave '),
 ('685', 'field', '14', 'en_us', ' 0 '),
 ('685', 'slug', '0', 'en_us', ''),
 ('685', 'title', '0', 'en_us', ' new fave '),
 ('686', 'field', '14', 'en_us', ' 0 '),
 ('686', 'slug', '0', 'en_us', ''),
 ('686', 'title', '0', 'en_us', ' new fave '),
 ('687', 'field', '14', 'en_us', ' 0 '),
 ('687', 'slug', '0', 'en_us', ''),
 ('687', 'title', '0', 'en_us', ' new fave '),
 ('688', 'field', '14', 'en_us', ' 0 '),
 ('688', 'slug', '0', 'en_us', ''),
 ('688', 'title', '0', 'en_us', ' new fave '),
 ('689', 'field', '14', 'en_us', ' 0 '),
 ('689', 'slug', '0', 'en_us', ''),
 ('689', 'title', '0', 'en_us', ' new fave '),
 ('690', 'field', '14', 'en_us', ' 0 '),
 ('690', 'slug', '0', 'en_us', ''),
 ('690', 'title', '0', 'en_us', ' new fave '),
 ('691', 'field', '14', 'en_us', ' 0 '),
 ('691', 'slug', '0', 'en_us', ''),
 ('691', 'title', '0', 'en_us', ' new fave ');
INSERT INTO `craft_searchindex` (`elementId`, `attribute`, `fieldId`, `locale`, `keywords`) VALUES
 ('692', 'field', '14', 'en_us', ' 0 '),
 ('692', 'slug', '0', 'en_us', ''),
 ('692', 'title', '0', 'en_us', ' new fave '),
 ('693', 'field', '14', 'en_us', ' 0 '),
 ('693', 'slug', '0', 'en_us', ''),
 ('693', 'title', '0', 'en_us', ' new fave '),
 ('694', 'field', '14', 'en_us', ' 0 '),
 ('694', 'slug', '0', 'en_us', ''),
 ('694', 'title', '0', 'en_us', ' new fave '),
 ('695', 'field', '14', 'en_us', ' 0 '),
 ('695', 'slug', '0', 'en_us', ''),
 ('695', 'title', '0', 'en_us', ' new fave '),
 ('696', 'field', '14', 'en_us', ' 0 '),
 ('696', 'slug', '0', 'en_us', ''),
 ('696', 'title', '0', 'en_us', ' new fave '),
 ('697', 'field', '14', 'en_us', ' 0 '),
 ('697', 'slug', '0', 'en_us', ''),
 ('697', 'title', '0', 'en_us', ' new fave '),
 ('698', 'field', '14', 'en_us', ' 0 '),
 ('698', 'slug', '0', 'en_us', ''),
 ('698', 'title', '0', 'en_us', ' new fave '),
 ('699', 'field', '14', 'en_us', ' 0 '),
 ('699', 'slug', '0', 'en_us', ''),
 ('699', 'title', '0', 'en_us', ' new fave '),
 ('700', 'field', '14', 'en_us', ' 0 '),
 ('700', 'slug', '0', 'en_us', ''),
 ('700', 'title', '0', 'en_us', ' new fave '),
 ('701', 'field', '14', 'en_us', ' 0 '),
 ('701', 'slug', '0', 'en_us', ''),
 ('701', 'title', '0', 'en_us', ' new fave '),
 ('702', 'field', '14', 'en_us', ' 0 '),
 ('702', 'slug', '0', 'en_us', ''),
 ('702', 'title', '0', 'en_us', ' new fave '),
 ('703', 'field', '14', 'en_us', ' 0 '),
 ('703', 'slug', '0', 'en_us', ''),
 ('703', 'title', '0', 'en_us', ' new fave '),
 ('704', 'field', '14', 'en_us', ' 0 '),
 ('704', 'slug', '0', 'en_us', ''),
 ('704', 'title', '0', 'en_us', ' new fave '),
 ('705', 'field', '14', 'en_us', ' 0 '),
 ('705', 'slug', '0', 'en_us', ''),
 ('705', 'title', '0', 'en_us', ' new fave '),
 ('706', 'field', '14', 'en_us', ' 0 '),
 ('706', 'slug', '0', 'en_us', ''),
 ('706', 'title', '0', 'en_us', ' new fave '),
 ('707', 'field', '14', 'en_us', ' 0 '),
 ('707', 'slug', '0', 'en_us', ''),
 ('707', 'title', '0', 'en_us', ' new fave '),
 ('708', 'field', '14', 'en_us', ' 0 '),
 ('708', 'slug', '0', 'en_us', ''),
 ('708', 'title', '0', 'en_us', ' new fave '),
 ('709', 'field', '14', 'en_us', ' 0 '),
 ('709', 'slug', '0', 'en_us', ''),
 ('709', 'title', '0', 'en_us', ' new fave '),
 ('710', 'field', '14', 'en_us', ' 0 '),
 ('710', 'slug', '0', 'en_us', ''),
 ('710', 'title', '0', 'en_us', ' new fave '),
 ('711', 'field', '14', 'en_us', ' 0 '),
 ('711', 'slug', '0', 'en_us', ''),
 ('711', 'title', '0', 'en_us', ' new fave '),
 ('712', 'field', '14', 'en_us', ' 0 '),
 ('712', 'slug', '0', 'en_us', ''),
 ('712', 'title', '0', 'en_us', ' new fave '),
 ('713', 'field', '14', 'en_us', ' 0 '),
 ('713', 'slug', '0', 'en_us', ''),
 ('713', 'title', '0', 'en_us', ' new fave '),
 ('714', 'field', '14', 'en_us', ' 0 '),
 ('714', 'slug', '0', 'en_us', ''),
 ('714', 'title', '0', 'en_us', ' new fave '),
 ('715', 'field', '14', 'en_us', ' 0 '),
 ('715', 'slug', '0', 'en_us', ''),
 ('715', 'title', '0', 'en_us', ' new fave '),
 ('716', 'field', '14', 'en_us', ' 0 '),
 ('716', 'slug', '0', 'en_us', ''),
 ('716', 'title', '0', 'en_us', ' new fave '),
 ('717', 'field', '14', 'en_us', ' 0 '),
 ('717', 'slug', '0', 'en_us', ''),
 ('717', 'title', '0', 'en_us', ' new fave '),
 ('718', 'field', '14', 'en_us', ' 0 '),
 ('718', 'slug', '0', 'en_us', ''),
 ('718', 'title', '0', 'en_us', ' new fave '),
 ('719', 'field', '14', 'en_us', ' 0 '),
 ('719', 'slug', '0', 'en_us', ''),
 ('719', 'title', '0', 'en_us', ' new fave '),
 ('720', 'field', '14', 'en_us', ' 0 '),
 ('720', 'slug', '0', 'en_us', ''),
 ('720', 'title', '0', 'en_us', ' new fave '),
 ('721', 'field', '14', 'en_us', ' 0 '),
 ('721', 'slug', '0', 'en_us', ''),
 ('721', 'title', '0', 'en_us', ' new fave '),
 ('723', 'title', '0', 'en_us', ' new fave '),
 ('723', 'slug', '0', 'en_us', ''),
 ('723', 'field', '14', 'en_us', ' 0 '),
 ('816', 'title', '0', 'en_us', ' a new message '),
 ('821', 'slug', '0', 'en_us', ' craft cms developer '),
 ('821', 'field', '14', 'en_us', ' 1 '),
 ('816', 'field', '1', 'en_us', ' self referential to check the unread counter '),
 ('816', 'slug', '0', 'en_us', ' a new message '),
 ('809', 'field', '14', 'en_us', ' 1 '),
 ('809', 'slug', '0', 'en_us', ' user interface design ');
INSERT INTO `craft_searchindex` (`elementId`, `attribute`, `fieldId`, `locale`, `keywords`) VALUES
 ('809', 'title', '0', 'en_us', ' user interface design '),
 ('816', 'field', '23', 'en_us', ' daveramps gmail com '),
 ('806', 'slug', '0', 'en_us', ' troubleshooting and debugging '),
 ('806', 'title', '0', 'en_us', ' troubleshooting and debugging '),
 ('29', 'field', '24', 'en_us', ' 1 '),
 ('816', 'field', '24', 'en_us', ' 1 '),
 ('831', 'field', '14', 'en_us', ' 1 '),
 ('839', 'field', '14', 'en_us', ' 1 '),
 ('876', 'field', '24', 'en_us', ' 0 '),
 ('874', 'field', '20', 'en_us', ''),
 ('806', 'field', '14', 'en_us', ' 1 '),
 ('816', 'field', '22', 'en_us', ' daveramps gmail com '),
 ('799', 'title', '0', 'en_us', ' jquery '),
 ('790', 'field', '14', 'en_us', ' 1 '),
 ('790', 'slug', '0', 'en_us', ' node js '),
 ('790', 'title', '0', 'en_us', ' node js '),
 ('799', 'field', '14', 'en_us', ' 1 '),
 ('799', 'slug', '0', 'en_us', ' jquery '),
 ('817', 'field', '18', 'en_us', ' digital media designer '),
 ('817', 'field', '19', 'en_us', ' jordan is a multifaceted graphic web and motion graphics designer from the pacific northwest usa '),
 ('817', 'field', '3', 'en_us', ' 3602018283 '),
 ('817', 'field', '15', 'en_us', ''),
 ('817', 'username', '0', 'en_us', ' jordan stambaugh gmail com '),
 ('817', 'firstname', '0', 'en_us', ' jordan '),
 ('817', 'lastname', '0', 'en_us', ' stambaugh '),
 ('817', 'fullname', '0', 'en_us', ' jordan stambaugh '),
 ('817', 'email', '0', 'en_us', ' jordan stambaugh gmail com '),
 ('817', 'slug', '0', 'en_us', ''),
 ('818', 'field', '18', 'en_us', ''),
 ('818', 'field', '19', 'en_us', ''),
 ('818', 'field', '3', 'en_us', ''),
 ('818', 'field', '15', 'en_us', ''),
 ('818', 'username', '0', 'en_us', ' dan tech gents com '),
 ('818', 'firstname', '0', 'en_us', ''),
 ('818', 'lastname', '0', 'en_us', ''),
 ('818', 'fullname', '0', 'en_us', ''),
 ('818', 'email', '0', 'en_us', ' dan tech gents com '),
 ('818', 'slug', '0', 'en_us', ''),
 ('834', 'slug', '0', 'en_us', ' drupal '),
 ('834', 'field', '14', 'en_us', ' 1 '),
 ('833', 'slug', '0', 'en_us', ' wordpress '),
 ('833', 'title', '0', 'en_us', ' wordpress '),
 ('874', 'slug', '0', 'en_us', ''),
 ('875', 'field', '21', 'en_us', ' c '),
 ('875', 'slug', '0', 'en_us', ''),
 ('834', 'title', '0', 'en_us', ' drupal '),
 ('833', 'field', '14', 'en_us', ' 1 '),
 ('826', 'field', '23', 'en_us', ' daveramps gmail com '),
 ('826', 'field', '22', 'en_us', ' daveramps gmail com '),
 ('826', 'field', '24', 'en_us', ' 1 '),
 ('826', 'field', '1', 'en_us', ' a real reply maybe '),
 ('826', 'slug', '0', 'en_us', ' re a new message '),
 ('826', 'title', '0', 'en_us', ' re a new message '),
 ('832', 'slug', '0', 'en_us', ' perl '),
 ('832', 'title', '0', 'en_us', ' perl '),
 ('835', 'field', '14', 'en_us', ' 1 '),
 ('835', 'slug', '0', 'en_us', ' data mining '),
 ('835', 'title', '0', 'en_us', ' data mining '),
 ('836', 'field', '14', 'en_us', ' 1 '),
 ('836', 'slug', '0', 'en_us', ' google adwords '),
 ('836', 'title', '0', 'en_us', ' google adwords '),
 ('839', 'slug', '0', 'en_us', ''),
 ('839', 'title', '0', 'en_us', ' stand up comedy '),
 ('851', 'fullname', '0', 'en_us', ' ryan hoffman '),
 ('851', 'field', '18', 'en_us', ' engineer '),
 ('851', 'field', '19', 'en_us', ' i like things that fly '),
 ('851', 'field', '3', 'en_us', ' 4124180460 '),
 ('851', 'field', '15', 'en_us', ' c '),
 ('846', 'slug', '0', 'en_us', ''),
 ('847', 'field', '21', 'en_us', ' technical documentation mysql javascript php jquery troubleshooting and debugging craft cms developer c perl wordpress drupal data mining google adwords stand up comedy '),
 ('846', 'field', '20', 'en_us', ''),
 ('851', 'email', '0', 'en_us', ' rhoff412 gmail com '),
 ('847', 'slug', '0', 'en_us', ''),
 ('851', 'lastname', '0', 'en_us', ' hoffman '),
 ('851', 'firstname', '0', 'en_us', ' ryan '),
 ('851', 'username', '0', 'en_us', ' rhoff412 gmail com '),
 ('851', 'slug', '0', 'en_us', ''),
 ('852', 'field', '20', 'en_us', ''),
 ('852', 'slug', '0', 'en_us', ''),
 ('853', 'field', '21', 'en_us', ' php node js craft cms developer troubleshooting and debugging jquery javascript '),
 ('853', 'slug', '0', 'en_us', ''),
 ('876', 'field', '23', 'en_us', ' rhoff412 gmail com '),
 ('876', 'field', '22', 'en_us', ' mike tech gents com '),
 ('876', 'field', '1', 'en_us', ' just testing things '),
 ('876', 'slug', '0', 'en_us', ''),
 ('876', 'title', '0', 'en_us', ' just testing things '),
 ('877', 'field', '18', 'en_us', ' engineer '),
 ('877', 'field', '19', 'en_us', ''),
 ('877', 'field', '3', 'en_us', ''),
 ('877', 'field', '15', 'en_us', ' stuff technical documentation training minions rolling in general '),
 ('877', 'username', '0', 'en_us', ' brian budzinski gmail com '),
 ('877', 'firstname', '0', 'en_us', ' brian '),
 ('877', 'lastname', '0', 'en_us', ' budzinski '),
 ('877', 'fullname', '0', 'en_us', ' brian budzinski '),
 ('877', 'email', '0', 'en_us', ' brian budzinski gmail com '),
 ('877', 'slug', '0', 'en_us', ''),
 ('880', 'field', '18', 'en_us', ' engineer '),
 ('880', 'field', '19', 'en_us', ''),
 ('880', 'field', '3', 'en_us', ' 4124650051 '),
 ('880', 'field', '15', 'en_us', ' data mining stuff ');
INSERT INTO `craft_searchindex` (`elementId`, `attribute`, `fieldId`, `locale`, `keywords`) VALUES
 ('880', 'username', '0', 'en_us', ' r_hoff_412 yahoo com '),
 ('880', 'firstname', '0', 'en_us', ' ryan '),
 ('880', 'lastname', '0', 'en_us', ' h '),
 ('880', 'fullname', '0', 'en_us', ' ryan h '),
 ('880', 'email', '0', 'en_us', ' r_hoff_412 yahoo com '),
 ('880', 'slug', '0', 'en_us', ''),
 ('885', 'title', '0', 'en_us', ' stuff '),
 ('885', 'slug', '0', 'en_us', ''),
 ('885', 'field', '14', 'en_us', ' 1 '),
 ('888', 'field', '22', 'en_us', ' r_hoff_412 yahoo com '),
 ('888', 'field', '24', 'en_us', ' 1 '),
 ('886', 'field', '20', 'en_us', ''),
 ('886', 'slug', '0', 'en_us', ''),
 ('887', 'field', '21', 'en_us', ' data mining stuff '),
 ('887', 'slug', '0', 'en_us', ''),
 ('888', 'field', '23', 'en_us', ' rhoff412 gmail com '),
 ('888', 'field', '1', 'en_us', ' test '),
 ('888', 'slug', '0', 'en_us', ' test '),
 ('888', 'title', '0', 'en_us', ' test '),
 ('913', 'title', '0', 'en_us', ' rolling in general '),
 ('913', 'slug', '0', 'en_us', ''),
 ('913', 'field', '14', 'en_us', ' 1 '),
 ('912', 'slug', '0', 'en_us', ''),
 ('912', 'title', '0', 'en_us', ' rick rolling '),
 ('908', 'slug', '0', 'en_us', ''),
 ('908', 'formname', '0', 'en_us', ''),
 ('908', 'id', '0', 'en_us', ' 908 '),
 ('908', 'title', '0', 'en_us', ' tue 22 mar 2016 22 35 41 '),
 ('1', 'field', '42', 'en_us', ''),
 ('907', 'slug', '0', 'en_us', ''),
 ('907', 'formname', '0', 'en_us', ''),
 ('907', 'id', '0', 'en_us', ' 907 '),
 ('907', 'title', '0', 'en_us', ' tue 22 mar 2016 22 35 35 '),
 ('912', 'field', '14', 'en_us', ' 1 '),
 ('911', 'title', '0', 'en_us', ' rocking and rolling '),
 ('911', 'field', '14', 'en_us', ' 1 '),
 ('911', 'slug', '0', 'en_us', ''),
 ('907', 'field', '38', 'en_us', ' no '),
 ('907', 'field', '39', 'en_us', ' classical dubstep '),
 ('905', 'username', '0', 'en_us', ' dan joyner gmail com '),
 ('910', 'title', '0', 'en_us', ' rocking and rolling '),
 ('910', 'slug', '0', 'en_us', ''),
 ('910', 'field', '14', 'en_us', ' 1 '),
 ('907', 'field', '37', 'en_us', ' european '),
 ('908', 'field', '41', 'en_us', ' yes '),
 ('907', 'field', '36', 'en_us', ' my ears '),
 ('906', 'slug', '0', 'en_us', ''),
 ('906', 'formname', '0', 'en_us', ''),
 ('906', 'id', '0', 'en_us', ' 906 '),
 ('906', 'title', '0', 'en_us', ' tue 22 mar 2016 22 34 00 '),
 ('906', 'field', '41', 'en_us', ' yes '),
 ('905', 'slug', '0', 'en_us', ''),
 ('905', 'firstname', '0', 'en_us', ' dan '),
 ('905', 'lastname', '0', 'en_us', ' joyner '),
 ('905', 'fullname', '0', 'en_us', ' dan joyner '),
 ('905', 'email', '0', 'en_us', ' dan joyner gmail com '),
 ('909', 'title', '0', 'en_us', ' rocking and rolling '),
 ('909', 'field', '14', 'en_us', ' 1 '),
 ('909', 'slug', '0', 'en_us', ''),
 ('905', 'field', '43', 'en_us', ''),
 ('905', 'field', '42', 'en_us', ' 889 889 '),
 ('905', 'field', '3', 'en_us', ' 3603039192 '),
 ('905', 'field', '15', 'en_us', ' google adwords rocking and rolling rick rolling rolling in general plotting and scheming believing in myself training minions masterminding '),
 ('905', 'field', '19', 'en_us', ' interests include global domination maniacle laughter re animation of the dead puppies '),
 ('905', 'field', '18', 'en_us', ' evil mastermind '),
 ('1', 'field', '43', 'en_us', ' mike tech gents com rhoff412 gmail com '),
 ('851', 'field', '43', 'en_us', ' daveramps gmail com mike tech gents com '),
 ('4', 'field', '42', 'en_us', ''),
 ('4', 'field', '43', 'en_us', ' daveramps gmail com '),
 ('851', 'field', '42', 'en_us', ' 890 890 889 889 890 890 890 890 889 889 '),
 ('914', 'title', '0', 'en_us', ' plotting and scheming '),
 ('915', 'field', '14', 'en_us', ' 1 '),
 ('915', 'slug', '0', 'en_us', ''),
 ('915', 'title', '0', 'en_us', ' believing in myself '),
 ('916', 'field', '14', 'en_us', ' 1 '),
 ('916', 'slug', '0', 'en_us', ''),
 ('916', 'title', '0', 'en_us', ' training minions '),
 ('921', 'field', '19', 'en_us', ''),
 ('921', 'field', '18', 'en_us', ' manager '),
 ('942', 'field', '37', 'en_us', ' african '),
 ('942', 'field', '36', 'en_us', ''),
 ('921', 'field', '3', 'en_us', ' 7143307380 '),
 ('921', 'field', '15', 'en_us', ''),
 ('921', 'field', '42', 'en_us', ''),
 ('921', 'field', '43', 'en_us', ''),
 ('921', 'username', '0', 'en_us', ' nfangupo hotmail com '),
 ('921', 'firstname', '0', 'en_us', ' naki '),
 ('921', 'lastname', '0', 'en_us', ' fangupo '),
 ('921', 'fullname', '0', 'en_us', ' naki fangupo '),
 ('921', 'email', '0', 'en_us', ' nfangupo hotmail com '),
 ('921', 'slug', '0', 'en_us', ''),
 ('922', 'field', '18', 'en_us', ' king kong ain t got nothing on me '),
 ('922', 'field', '19', 'en_us', ' superman '),
 ('922', 'field', '3', 'en_us', ''),
 ('922', 'field', '15', 'en_us', ''),
 ('922', 'field', '42', 'en_us', ' 890 890 '),
 ('922', 'field', '43', 'en_us', ' nfangupo hotmail com '),
 ('922', 'username', '0', 'en_us', ' jimenez gjr gmail com '),
 ('922', 'firstname', '0', 'en_us', ' jr '),
 ('922', 'lastname', '0', 'en_us', ' jimenez ');
INSERT INTO `craft_searchindex` (`elementId`, `attribute`, `fieldId`, `locale`, `keywords`) VALUES
 ('922', 'fullname', '0', 'en_us', ' jr jimenez '),
 ('922', 'email', '0', 'en_us', ' jimenez gjr gmail com '),
 ('922', 'slug', '0', 'en_us', ''),
 ('923', 'field', '20', 'en_us', ''),
 ('923', 'slug', '0', 'en_us', ''),
 ('924', 'field', '21', 'en_us', ''),
 ('924', 'slug', '0', 'en_us', ''),
 ('925', 'field', '14', 'en_us', ' 1 '),
 ('925', 'slug', '0', 'en_us', ''),
 ('925', 'title', '0', 'en_us', ' slamming chicks '),
 ('926', 'field', '14', 'en_us', ' 1 '),
 ('926', 'slug', '0', 'en_us', ''),
 ('926', 'title', '0', 'en_us', ' slamming bitches '),
 ('927', 'field', '20', 'en_us', ''),
 ('927', 'slug', '0', 'en_us', ''),
 ('928', 'field', '21', 'en_us', ''),
 ('928', 'slug', '0', 'en_us', ''),
 ('929', 'field', '41', 'en_us', ' no '),
 ('929', 'id', '0', 'en_us', ' 929 '),
 ('929', 'title', '0', 'en_us', ' wed 23 mar 2016 00 41 58 '),
 ('929', 'formname', '0', 'en_us', ''),
 ('929', 'slug', '0', 'en_us', ''),
 ('930', 'field', '41', 'en_us', ' yes '),
 ('930', 'id', '0', 'en_us', ' 930 '),
 ('930', 'title', '0', 'en_us', ' wed 23 mar 2016 00 43 19 '),
 ('930', 'formname', '0', 'en_us', ''),
 ('930', 'slug', '0', 'en_us', ''),
 ('931', 'field', '36', 'en_us', ' ears '),
 ('931', 'field', '37', 'en_us', ' european '),
 ('931', 'field', '38', 'en_us', ' no '),
 ('931', 'field', '39', 'en_us', ' classical country '),
 ('931', 'id', '0', 'en_us', ' 931 '),
 ('931', 'title', '0', 'en_us', ' wed 23 mar 2016 00 43 42 '),
 ('931', 'formname', '0', 'en_us', ''),
 ('931', 'slug', '0', 'en_us', ''),
 ('932', 'field', '24', 'en_us', ' 1 '),
 ('932', 'field', '22', 'en_us', ' nfangupo hotmail com '),
 ('932', 'field', '23', 'en_us', ' rhoff412 gmail com '),
 ('932', 'field', '1', 'en_us', ' else nah '),
 ('932', 'slug', '0', 'en_us', ' yo i can see you because we made all users visible '),
 ('932', 'title', '0', 'en_us', ' yo i can see you because we made all users visible '),
 ('933', 'field', '24', 'en_us', ' 1 '),
 ('933', 'field', '22', 'en_us', ' rhoff412 gmail com '),
 ('933', 'field', '23', 'en_us', ' nfangupo hotmail com '),
 ('933', 'field', '1', 'en_us', ' got your message '),
 ('933', 'slug', '0', 'en_us', ' re yo i can see you because we made all users visible '),
 ('933', 'title', '0', 'en_us', ' re yo i can see you because we made all users visible '),
 ('934', 'field', '24', 'en_us', ' 0 '),
 ('934', 'field', '22', 'en_us', ' nfangupo hotmail com '),
 ('934', 'field', '23', 'en_us', ' jimenez gjr gmail com '),
 ('934', 'field', '1', 'en_us', ' my balls '),
 ('934', 'slug', '0', 'en_us', ''),
 ('934', 'title', '0', 'en_us', ' sucka '),
 ('877', 'field', '42', 'en_us', ''),
 ('877', 'field', '43', 'en_us', ' rhoff412 gmail com '),
 ('939', 'title', '0', 'en_us', ' masterminding '),
 ('939', 'slug', '0', 'en_us', ''),
 ('939', 'field', '14', 'en_us', ' 1 '),
 ('937', 'field', '20', 'en_us', ''),
 ('937', 'slug', '0', 'en_us', ''),
 ('938', 'field', '21', 'en_us', ' stuff technical documentation training minions rolling in general '),
 ('938', 'slug', '0', 'en_us', ''),
 ('940', 'field', '20', 'en_us', ''),
 ('940', 'slug', '0', 'en_us', ''),
 ('941', 'field', '21', 'en_us', ' google adwords rocking and rolling rick rolling rolling in general plotting and scheming believing in myself training minions masterminding '),
 ('941', 'slug', '0', 'en_us', ''),
 ('942', 'field', '38', 'en_us', ' yes '),
 ('942', 'field', '39', 'en_us', ' classical country dubstep chiptunes britpop '),
 ('942', 'id', '0', 'en_us', ' 942 '),
 ('942', 'title', '0', 'en_us', ' fri 25 mar 2016 03 02 55 '),
 ('942', 'formname', '0', 'en_us', ''),
 ('942', 'slug', '0', 'en_us', ''),
 ('943', 'field', '14', 'en_us', ' 1 '),
 ('943', 'slug', '0', 'en_us', ''),
 ('943', 'title', '0', 'en_us', ' design '),
 ('944', 'field', '14', 'en_us', ' 1 '),
 ('944', 'slug', '0', 'en_us', ''),
 ('944', 'title', '0', 'en_us', ' graphic arts '),
 ('945', 'field', '14', 'en_us', ' 1 '),
 ('945', 'slug', '0', 'en_us', ''),
 ('945', 'title', '0', 'en_us', ' user interface design '),
 ('946', 'field', '14', 'en_us', ' 1 '),
 ('946', 'slug', '0', 'en_us', ''),
 ('946', 'title', '0', 'en_us', ' ux design '),
 ('817', 'field', '42', 'en_us', ''),
 ('817', 'field', '43', 'en_us', ' dan joyner gmail com '),
 ('947', 'field', '20', 'en_us', ''),
 ('947', 'slug', '0', 'en_us', ''),
 ('948', 'field', '21', 'en_us', ''),
 ('948', 'slug', '0', 'en_us', '');



DROP TABLE IF EXISTS `craft_sections`;


--
-- Schema for table `craft_sections`
--
CREATE TABLE `craft_sections` (
  `id` int(11) NOT NULL AUTO_INCREMENT,
  `structureId` int(11) DEFAULT NULL,
  `name` varchar(255) COLLATE utf8_unicode_ci NOT NULL,
  `handle` varchar(255) COLLATE utf8_unicode_ci NOT NULL,
  `type` enum('single','channel','structure') COLLATE utf8_unicode_ci NOT NULL DEFAULT 'channel',
  `hasUrls` tinyint(1) unsigned NOT NULL DEFAULT '1',
  `template` varchar(500) COLLATE utf8_unicode_ci DEFAULT NULL,
  `enableVersioning` tinyint(1) unsigned NOT NULL DEFAULT '0',
  `dateCreated` datetime NOT NULL,
  `dateUpdated` datetime NOT NULL,
  `uid` char(36) COLLATE utf8_unicode_ci NOT NULL DEFAULT '0',
  PRIMARY KEY (`id`),
  UNIQUE KEY `craft_sections_name_unq_idx` (`name`),
  UNIQUE KEY `craft_sections_handle_unq_idx` (`handle`),
  KEY `craft_sections_structureId_fk` (`structureId`)
) ENGINE=InnoDB AUTO_INCREMENT=6 DEFAULT CHARSET=utf8 COLLATE=utf8_unicode_ci;

--
-- Data for table `craft_sections`
--

INSERT INTO `craft_sections` (`id`, `structureId`, `name`, `handle`, `type`, `hasUrls`, `template`, `enableVersioning`, `dateCreated`, `dateUpdated`, `uid`) VALUES
 ('1', NULL, 'Homepage', 'homepage', 'single', '1', 'index', '1', '2016-02-05 02:57:28', '2016-02-05 02:57:28', '1ef157e3-91d0-4efd-8d15-b32859b798c5'),
 ('2', NULL, 'News', 'news', 'channel', '1', 'news/_entry', '1', '2016-02-05 02:57:28', '2016-02-05 02:57:28', '75eb6ef4-d599-45f4-9226-9c6f91a2a0db'),
 ('3', NULL, 'Skills', 'skills', 'channel', '1', 'skills/_entry', '1', '2016-02-25 23:42:53', '2016-02-25 23:42:53', '8d93a696-78a3-41a3-bef9-dd644784f5e6'),
 ('4', NULL, 'Messages', 'messages', 'channel', '0', NULL, '0', '2016-03-03 23:32:22', '2016-03-03 23:32:22', '2cb7fa22-abaf-471e-9591-b6e71fafcf65'),
 ('5', NULL, 'how it works', 'howItWorks', 'single', '1', 'how-it-works', '1', '2016-03-17 09:32:00', '2016-03-17 09:32:00', 'efcd8e0a-96ff-4b0c-a529-1853ef13a9f6');



DROP TABLE IF EXISTS `craft_sections_i18n`;


--
-- Schema for table `craft_sections_i18n`
--
CREATE TABLE `craft_sections_i18n` (
  `id` int(11) NOT NULL AUTO_INCREMENT,
  `sectionId` int(11) NOT NULL,
  `locale` char(12) COLLATE utf8_unicode_ci NOT NULL,
  `enabledByDefault` tinyint(1) unsigned NOT NULL DEFAULT '1',
  `urlFormat` text COLLATE utf8_unicode_ci,
  `nestedUrlFormat` text COLLATE utf8_unicode_ci,
  `dateCreated` datetime NOT NULL,
  `dateUpdated` datetime NOT NULL,
  `uid` char(36) COLLATE utf8_unicode_ci NOT NULL DEFAULT '0',
  PRIMARY KEY (`id`),
  UNIQUE KEY `craft_sections_i18n_sectionId_locale_unq_idx` (`sectionId`,`locale`),
  KEY `craft_sections_i18n_locale_fk` (`locale`)
) ENGINE=InnoDB AUTO_INCREMENT=6 DEFAULT CHARSET=utf8 COLLATE=utf8_unicode_ci;

--
-- Data for table `craft_sections_i18n`
--

INSERT INTO `craft_sections_i18n` (`id`, `sectionId`, `locale`, `enabledByDefault`, `urlFormat`, `nestedUrlFormat`, `dateCreated`, `dateUpdated`, `uid`) VALUES
 ('1', '1', 'en_us', '1', '__home__', NULL, '2016-02-05 02:57:28', '2016-03-12 03:02:22', '79d92084-cf1b-4031-8310-4dabdce2ad21'),
 ('2', '2', 'en_us', '1', 'news/{postDate.year}/{slug}', NULL, '2016-02-05 02:57:28', '2016-03-12 03:02:22', 'cc580403-bfb1-4a10-97ac-deeee632cf8c'),
 ('3', '3', 'en_us', '1', 'skills/{slug}', NULL, '2016-02-25 23:42:53', '2016-03-12 03:02:22', '863715f0-1f36-48fb-98a1-5c4e77ce16d4'),
 ('4', '4', 'en_us', '1', NULL, NULL, '2016-03-03 23:32:22', '2016-03-12 03:02:22', '7c9b00e3-f376-4196-96d2-41c0b54e9c06'),
 ('5', '5', 'en_us', '1', 'how-it-works', NULL, '2016-03-17 09:32:00', '2016-03-17 09:32:00', '0033506a-5c2c-463e-a2a0-363994d638f7');



DROP TABLE IF EXISTS `craft_sessions`;


--
-- Schema for table `craft_sessions`
--
CREATE TABLE `craft_sessions` (
  `id` int(11) NOT NULL AUTO_INCREMENT,
  `userId` int(11) NOT NULL,
  `token` char(100) COLLATE utf8_unicode_ci NOT NULL,
  `dateCreated` datetime NOT NULL,
  `dateUpdated` datetime NOT NULL,
  `uid` char(36) COLLATE utf8_unicode_ci NOT NULL DEFAULT '0',
  PRIMARY KEY (`id`),
  KEY `craft_sessions_uid_idx` (`uid`),
  KEY `craft_sessions_token_idx` (`token`),
  KEY `craft_sessions_dateUpdated_idx` (`dateUpdated`),
  KEY `craft_sessions_userId_fk` (`userId`)
) ENGINE=InnoDB AUTO_INCREMENT=100 DEFAULT CHARSET=utf8 COLLATE=utf8_unicode_ci;

DROP TABLE IF EXISTS `craft_shunnedmessages`;


--
-- Schema for table `craft_shunnedmessages`
--
CREATE TABLE `craft_shunnedmessages` (
  `id` int(11) NOT NULL AUTO_INCREMENT,
  `userId` int(11) NOT NULL,
  `message` varchar(255) COLLATE utf8_unicode_ci NOT NULL,
  `expiryDate` datetime DEFAULT NULL,
  `dateCreated` datetime NOT NULL,
  `dateUpdated` datetime NOT NULL,
  `uid` char(36) COLLATE utf8_unicode_ci NOT NULL DEFAULT '0',
  PRIMARY KEY (`id`),
  UNIQUE KEY `craft_shunnedmessages_userId_message_unq_idx` (`userId`,`message`)
) ENGINE=InnoDB DEFAULT CHARSET=utf8 COLLATE=utf8_unicode_ci;

DROP TABLE IF EXISTS `craft_sproutforms_entries`;


--
-- Schema for table `craft_sproutforms_entries`
--
CREATE TABLE `craft_sproutforms_entries` (
  `id` int(11) NOT NULL,
  `formId` int(11) NOT NULL,
  `ipAddress` varchar(255) COLLATE utf8_unicode_ci DEFAULT NULL,
  `userAgent` text COLLATE utf8_unicode_ci,
  `dateCreated` datetime NOT NULL,
  `dateUpdated` datetime NOT NULL,
  `uid` char(36) COLLATE utf8_unicode_ci NOT NULL DEFAULT '0',
  PRIMARY KEY (`id`),
  KEY `craft_sproutforms_entries_formId_fk` (`formId`)
) ENGINE=InnoDB DEFAULT CHARSET=utf8 COLLATE=utf8_unicode_ci;

--
-- Data for table `craft_sproutforms_entries`
--

INSERT INTO `craft_sproutforms_entries` (`id`, `formId`, `ipAddress`, `userAgent`, `dateCreated`, `dateUpdated`, `uid`) VALUES
 ('906', '890', '173.85.213.19', 'Mozilla/5.0 (Macintosh; Intel Mac OS X 10_7_5) AppleWebKit/537.36 (KHTML, like Gecko) Chrome/48.0.2564.116 Safari/537.36', '2016-03-22 22:34:00', '2016-03-22 22:34:00', '7e4586d6-872e-49a6-9540-386697b50106'),
 ('907', '889', '173.85.213.19', 'Mozilla/5.0 (Macintosh; Intel Mac OS X 10_7_5) AppleWebKit/537.36 (KHTML, like Gecko) Chrome/48.0.2564.116 Safari/537.36', '2016-03-22 22:35:35', '2016-03-22 22:35:35', '81954cd2-4a60-42a7-baa1-4a5c533a1087'),
 ('908', '890', '173.85.213.19', 'Mozilla/5.0 (Macintosh; Intel Mac OS X 10_7_5) AppleWebKit/537.36 (KHTML, like Gecko) Chrome/48.0.2564.116 Safari/537.36', '2016-03-22 22:35:41', '2016-03-22 22:35:41', '47890795-116a-4b95-8980-3facee95b7f8'),
 ('929', '890', '24.43.52.235', 'Mozilla/5.0 (Macintosh; Intel Mac OS X 10_10_5) AppleWebKit/600.8.9 (KHTML, like Gecko) Version/8.0.8 Safari/600.8.9', '2016-03-23 00:41:58', '2016-03-23 00:41:58', '23890e05-2f87-4e5a-8fc2-f21d661d3d12'),
 ('930', '890', '173.85.213.19', 'Mozilla/5.0 (Macintosh; Intel Mac OS X 10_7_5) AppleWebKit/537.36 (KHTML, like Gecko) Chrome/48.0.2564.116 Safari/537.36', '2016-03-23 00:43:20', '2016-03-23 00:43:20', '5928f88b-dfc8-4cb7-a067-d56e38130f7d'),
 ('931', '889', '173.85.213.19', 'Mozilla/5.0 (Macintosh; Intel Mac OS X 10_7_5) AppleWebKit/537.36 (KHTML, like Gecko) Chrome/48.0.2564.116 Safari/537.36', '2016-03-23 00:43:42', '2016-03-23 00:43:42', 'adb3fcbc-1b40-401e-a8d0-326786584f4d'),
 ('942', '889', '2601:602:200:64d6:44f3:d7d1:61b2:6359', 'Mozilla/5.0 (iPad; CPU OS 9_2_1 like Mac OS X) AppleWebKit/601.1.46 (KHTML, like Gecko) Version/9.0 Mobile/13D15 Safari/601.1', '2016-03-25 03:02:55', '2016-03-25 03:02:55', '045391a4-dd16-4a46-a8fc-fcb65c26d148');



DROP TABLE IF EXISTS `craft_sproutforms_formgroups`;


--
-- Schema for table `craft_sproutforms_formgroups`
--
CREATE TABLE `craft_sproutforms_formgroups` (
  `id` int(11) NOT NULL AUTO_INCREMENT,
  `name` varchar(255) COLLATE utf8_unicode_ci NOT NULL,
  `dateCreated` datetime NOT NULL,
  `dateUpdated` datetime NOT NULL,
  `uid` char(36) COLLATE utf8_unicode_ci NOT NULL DEFAULT '0',
  PRIMARY KEY (`id`),
  UNIQUE KEY `craft_sproutforms_formgroups_name_unq_idx` (`name`)
) ENGINE=InnoDB AUTO_INCREMENT=3 DEFAULT CHARSET=utf8 COLLATE=utf8_unicode_ci;

--
-- Data for table `craft_sproutforms_formgroups`
--

INSERT INTO `craft_sproutforms_formgroups` (`id`, `name`, `dateCreated`, `dateUpdated`, `uid`) VALUES
 ('1', 'Active Surveys', '2016-03-21 18:44:47', '2016-03-22 20:06:31', '9a65960b-013e-4f21-a0aa-c5d5aa2f8739'),
 ('2', 'Discontinued Surveys', '2016-03-22 20:06:19', '2016-03-22 20:06:19', '03ab0586-5b54-4e6b-a81a-a77d5ee6db8e');



DROP TABLE IF EXISTS `craft_sproutforms_forms`;


--
-- Schema for table `craft_sproutforms_forms`
--
CREATE TABLE `craft_sproutforms_forms` (
  `id` int(11) NOT NULL,
  `fieldLayoutId` int(11) DEFAULT NULL,
  `groupId` int(10) DEFAULT NULL,
  `name` varchar(255) COLLATE utf8_unicode_ci NOT NULL,
  `handle` varchar(255) COLLATE utf8_unicode_ci NOT NULL,
  `titleFormat` varchar(255) COLLATE utf8_unicode_ci NOT NULL,
  `displaySectionTitles` tinyint(1) unsigned NOT NULL DEFAULT '0',
  `redirectUri` varchar(255) COLLATE utf8_unicode_ci DEFAULT NULL,
  `submitAction` varchar(255) COLLATE utf8_unicode_ci DEFAULT NULL,
  `submitButtonText` varchar(255) COLLATE utf8_unicode_ci DEFAULT NULL,
  `notificationEnabled` tinyint(1) unsigned NOT NULL DEFAULT '0',
  `notificationRecipients` varchar(255) COLLATE utf8_unicode_ci DEFAULT NULL,
  `notificationSubject` varchar(255) COLLATE utf8_unicode_ci DEFAULT NULL,
  `notificationSenderName` varchar(255) COLLATE utf8_unicode_ci DEFAULT NULL,
  `notificationSenderEmail` varchar(255) COLLATE utf8_unicode_ci DEFAULT NULL,
  `notificationReplyToEmail` varchar(255) COLLATE utf8_unicode_ci DEFAULT NULL,
  `enableTemplateOverrides` tinyint(1) unsigned NOT NULL DEFAULT '0',
  `templateOverridesFolder` varchar(255) COLLATE utf8_unicode_ci DEFAULT NULL,
  `enableFileAttachments` tinyint(1) unsigned NOT NULL DEFAULT '0',
  `dateCreated` datetime NOT NULL,
  `dateUpdated` datetime NOT NULL,
  `uid` char(36) COLLATE utf8_unicode_ci NOT NULL DEFAULT '0',
  PRIMARY KEY (`id`),
  KEY `craft_sproutforms_forms_fieldLayoutId_fk` (`fieldLayoutId`)
) ENGINE=InnoDB DEFAULT CHARSET=utf8 COLLATE=utf8_unicode_ci;

--
-- Data for table `craft_sproutforms_forms`
--

INSERT INTO `craft_sproutforms_forms` (`id`, `fieldLayoutId`, `groupId`, `name`, `handle`, `titleFormat`, `displaySectionTitles`, `redirectUri`, `submitAction`, `submitButtonText`, `notificationEnabled`, `notificationRecipients`, `notificationSubject`, `notificationSenderName`, `notificationSenderEmail`, `notificationReplyToEmail`, `enableTemplateOverrides`, `templateOverridesFolder`, `enableFileAttachments`, `dateCreated`, `dateUpdated`, `uid`) VALUES
 ('6', '8', NULL, 'Contact Form', 'contact', '{dateCreated|date(\'Y-m-d\')} – {fullName} – {message|slice(0,22)}...', '0', 'sproutforms/examples/contact-form?message=thank-you', NULL, NULL, '0', NULL, NULL, NULL, NULL, NULL, '0', NULL, '0', '2016-02-16 00:00:00', '2016-02-16 00:00:00', '0'),
 ('7', '10', NULL, 'Basic Fields Form', 'basic', '{plainText} – {dropdown}{% if object.textarea %} – {{ object.textarea|slice(0,15) }}{% endif %}', '1', 'sproutforms/examples/basic-fields?message=thank-you', NULL, NULL, '0', NULL, NULL, NULL, NULL, NULL, '0', NULL, '0', '2016-02-16 00:00:00', '2016-02-16 00:00:00', '0'),
 ('889', '69', '1', 'Initial Survey', 'initial_survey', '{dateCreated|date(\'D, d M Y H:i:s\')}', '0', 'profiles/me', '', 'Tell Us About Yourself', '0', '', '', '', '', '', '0', NULL, '0', '2016-03-21 00:00:00', '2016-03-21 00:00:00', '0'),
 ('890', '68', '1', 'Simple Survey', 'simple_survey', '{dateCreated|date(\'D, d M Y H:i:s\')}', '0', '/profiles/me', '', '', '0', '', '', '', '', '', '0', NULL, '0', '2016-03-21 00:00:00', '2016-03-21 00:00:00', '0');



DROP TABLE IF EXISTS `craft_sproutformscontent_basic`;


--
-- Schema for table `craft_sproutformscontent_basic`
--
CREATE TABLE `craft_sproutformscontent_basic` (
  `id` int(11) NOT NULL AUTO_INCREMENT,
  `elementId` int(11) NOT NULL,
  `locale` char(12) COLLATE utf8_unicode_ci NOT NULL,
  `title` varchar(255) COLLATE utf8_unicode_ci DEFAULT NULL,
  `field_plainText` text COLLATE utf8_unicode_ci,
  `field_dropdown` varchar(255) COLLATE utf8_unicode_ci DEFAULT NULL,
  `field_number` int(10) unsigned DEFAULT '0',
  `field_radioButtons` varchar(255) COLLATE utf8_unicode_ci DEFAULT NULL,
  `field_checkboxes` varchar(255) COLLATE utf8_unicode_ci DEFAULT NULL,
  `field_multiSelect` varchar(255) COLLATE utf8_unicode_ci DEFAULT NULL,
  `field_textarea` text COLLATE utf8_unicode_ci,
  `dateCreated` datetime NOT NULL,
  `dateUpdated` datetime NOT NULL,
  `uid` char(36) COLLATE utf8_unicode_ci NOT NULL DEFAULT '0',
  PRIMARY KEY (`id`),
  UNIQUE KEY `craft_sproutformscontent_basic_elementId_locale_unq_idx` (`elementId`,`locale`),
  KEY `craft_sproutformscontent_basic_locale_fk` (`locale`)
) ENGINE=InnoDB DEFAULT CHARSET=utf8 COLLATE=utf8_unicode_ci;

DROP TABLE IF EXISTS `craft_sproutformscontent_contact`;


--
-- Schema for table `craft_sproutformscontent_contact`
--
CREATE TABLE `craft_sproutformscontent_contact` (
  `id` int(11) NOT NULL AUTO_INCREMENT,
  `elementId` int(11) NOT NULL,
  `locale` char(12) COLLATE utf8_unicode_ci NOT NULL,
  `title` varchar(255) COLLATE utf8_unicode_ci DEFAULT NULL,
  `field_fullName` text COLLATE utf8_unicode_ci,
  `field_email` text COLLATE utf8_unicode_ci,
  `field_message` text COLLATE utf8_unicode_ci,
  `dateCreated` datetime NOT NULL,
  `dateUpdated` datetime NOT NULL,
  `uid` char(36) COLLATE utf8_unicode_ci NOT NULL DEFAULT '0',
  PRIMARY KEY (`id`),
  UNIQUE KEY `craft_sproutformscontent_contact_elementId_locale_unq_idx` (`elementId`,`locale`),
  KEY `craft_sproutformscontent_contact_locale_fk` (`locale`)
) ENGINE=InnoDB DEFAULT CHARSET=utf8 COLLATE=utf8_unicode_ci;

DROP TABLE IF EXISTS `craft_sproutformscontent_initial_survey`;


--
-- Schema for table `craft_sproutformscontent_initial_survey`
--
CREATE TABLE `craft_sproutformscontent_initial_survey` (
  `id` int(11) NOT NULL AUTO_INCREMENT,
  `elementId` int(11) NOT NULL,
  `locale` char(12) COLLATE utf8_unicode_ci NOT NULL,
  `title` varchar(255) COLLATE utf8_unicode_ci DEFAULT NULL,
  `field_howDidYouHearAboutUs` text COLLATE utf8_unicode_ci,
  `field_whatIsTheAverageAirspeedVelocityOfAnUnladenSwallow` varchar(255) COLLATE utf8_unicode_ci DEFAULT 'iDontKnowThat',
  `field_didYouGetThatReference` varchar(255) COLLATE utf8_unicode_ci DEFAULT 'no',
  `field_whatGenresOfMusicDoYouListenTo` varchar(255) COLLATE utf8_unicode_ci DEFAULT NULL,
  `dateCreated` datetime NOT NULL,
  `dateUpdated` datetime NOT NULL,
  `uid` char(36) COLLATE utf8_unicode_ci NOT NULL DEFAULT '0',
  PRIMARY KEY (`id`),
  UNIQUE KEY `craft_sproutformscontent_initial_survey_elementId_locale_unq_idx` (`elementId`,`locale`),
  KEY `craft_sproutformscontent_initial_survey_locale_idx` (`locale`)
) ENGINE=InnoDB AUTO_INCREMENT=8 DEFAULT CHARSET=utf8 COLLATE=utf8_unicode_ci;

--
-- Data for table `craft_sproutformscontent_initial_survey`
--

INSERT INTO `craft_sproutformscontent_initial_survey` (`id`, `elementId`, `locale`, `title`, `field_howDidYouHearAboutUs`, `field_whatIsTheAverageAirspeedVelocityOfAnUnladenSwallow`, `field_didYouGetThatReference`, `field_whatGenresOfMusicDoYouListenTo`, `dateCreated`, `dateUpdated`, `uid`) VALUES
 ('5', '907', 'en_us', 'Tue, 22 Mar 2016 22:35:35', 'my ears', 'european', 'no', '[\"classical\",\"dubstep\"]', '2016-03-22 22:35:35', '2016-03-22 22:35:35', '22379999-ea8a-47ce-a39f-e6c50b8a21ab'),
 ('6', '931', 'en_us', 'Wed, 23 Mar 2016 00:43:42', 'ears', 'european', 'no', '[\"classical\",\"country\"]', '2016-03-23 00:43:42', '2016-03-23 00:43:42', '0d292dad-6bb1-43f4-8c36-df7944128094'),
 ('7', '942', 'en_us', 'Fri, 25 Mar 2016 03:02:55', '', 'african', 'yes', '[\"classical\",\"country\",\"dubstep\",\"chiptunes\",\"britpop\"]', '2016-03-25 03:02:55', '2016-03-25 03:02:55', '122999f3-8e30-4b12-a916-889d51ff6d70');



DROP TABLE IF EXISTS `craft_sproutformscontent_simple_survey`;


--
-- Schema for table `craft_sproutformscontent_simple_survey`
--
CREATE TABLE `craft_sproutformscontent_simple_survey` (
  `id` int(11) NOT NULL AUTO_INCREMENT,
  `elementId` int(11) NOT NULL,
  `locale` char(12) COLLATE utf8_unicode_ci NOT NULL,
  `title` varchar(255) COLLATE utf8_unicode_ci DEFAULT NULL,
  `field_howAboutASimplerSurvey` varchar(255) COLLATE utf8_unicode_ci DEFAULT 'yes',
  `dateCreated` datetime NOT NULL,
  `dateUpdated` datetime NOT NULL,
  `uid` char(36) COLLATE utf8_unicode_ci NOT NULL DEFAULT '0',
  PRIMARY KEY (`id`),
  UNIQUE KEY `craft_sproutformscontent_simple_survey_elementId_locale_unq_idx` (`elementId`,`locale`),
  KEY `craft_sproutformscontent_simple_survey_locale_idx` (`locale`)
) ENGINE=InnoDB AUTO_INCREMENT=15 DEFAULT CHARSET=utf8 COLLATE=utf8_unicode_ci;

--
-- Data for table `craft_sproutformscontent_simple_survey`
--

INSERT INTO `craft_sproutformscontent_simple_survey` (`id`, `elementId`, `locale`, `title`, `field_howAboutASimplerSurvey`, `dateCreated`, `dateUpdated`, `uid`) VALUES
 ('11', '906', 'en_us', 'Tue, 22 Mar 2016 22:34:00', 'yes', '2016-03-22 22:34:00', '2016-03-22 22:34:00', '3d484b75-bd10-43f6-9d5f-cef5cf1a8739'),
 ('12', '908', 'en_us', 'Tue, 22 Mar 2016 22:35:41', 'yes', '2016-03-22 22:35:41', '2016-03-22 22:35:41', 'be26e479-e72d-4b58-92ee-bd3b7550f386'),
 ('13', '929', 'en_us', 'Wed, 23 Mar 2016 00:41:58', 'no', '2016-03-23 00:41:58', '2016-03-23 00:41:58', 'c3d2e08a-62f0-40d8-bb47-884850809cac'),
 ('14', '930', 'en_us', 'Wed, 23 Mar 2016 00:43:19', 'yes', '2016-03-23 00:43:20', '2016-03-23 00:43:20', '2b99bce4-2004-46b7-ae5e-856e93e09dc9');



DROP TABLE IF EXISTS `craft_structureelements`;


--
-- Schema for table `craft_structureelements`
--
CREATE TABLE `craft_structureelements` (
  `id` int(11) NOT NULL AUTO_INCREMENT,
  `structureId` int(11) NOT NULL,
  `elementId` int(11) DEFAULT NULL,
  `root` int(11) unsigned DEFAULT NULL,
  `lft` int(11) unsigned NOT NULL,
  `rgt` int(11) unsigned NOT NULL,
  `level` smallint(6) unsigned NOT NULL,
  `dateCreated` datetime NOT NULL,
  `dateUpdated` datetime NOT NULL,
  `uid` char(36) COLLATE utf8_unicode_ci NOT NULL DEFAULT '0',
  PRIMARY KEY (`id`),
  UNIQUE KEY `craft_structureelements_structureId_elementId_unq_idx` (`structureId`,`elementId`),
  KEY `craft_structureelements_root_idx` (`root`),
  KEY `craft_structureelements_lft_idx` (`lft`),
  KEY `craft_structureelements_rgt_idx` (`rgt`),
  KEY `craft_structureelements_level_idx` (`level`),
  KEY `craft_structureelements_elementId_fk` (`elementId`)
) ENGINE=InnoDB DEFAULT CHARSET=utf8 COLLATE=utf8_unicode_ci;

DROP TABLE IF EXISTS `craft_structures`;


--
-- Schema for table `craft_structures`
--
CREATE TABLE `craft_structures` (
  `id` int(11) NOT NULL AUTO_INCREMENT,
  `maxLevels` smallint(6) unsigned DEFAULT NULL,
  `dateCreated` datetime NOT NULL,
  `dateUpdated` datetime NOT NULL,
  `uid` char(36) COLLATE utf8_unicode_ci NOT NULL DEFAULT '0',
  PRIMARY KEY (`id`)
) ENGINE=InnoDB DEFAULT CHARSET=utf8 COLLATE=utf8_unicode_ci;

DROP TABLE IF EXISTS `craft_systemsettings`;


--
-- Schema for table `craft_systemsettings`
--
CREATE TABLE `craft_systemsettings` (
  `id` int(11) NOT NULL AUTO_INCREMENT,
  `category` varchar(15) COLLATE utf8_unicode_ci NOT NULL,
  `settings` text COLLATE utf8_unicode_ci,
  `dateCreated` datetime NOT NULL,
  `dateUpdated` datetime NOT NULL,
  `uid` char(36) COLLATE utf8_unicode_ci NOT NULL DEFAULT '0',
  PRIMARY KEY (`id`),
  UNIQUE KEY `craft_systemsettings_category_unq_idx` (`category`)
) ENGINE=InnoDB AUTO_INCREMENT=3 DEFAULT CHARSET=utf8 COLLATE=utf8_unicode_ci;

--
-- Data for table `craft_systemsettings`
--

INSERT INTO `craft_systemsettings` (`id`, `category`, `settings`, `dateCreated`, `dateUpdated`, `uid`) VALUES
 ('1', 'email', '{\"template\":\"\",\"protocol\":\"php\",\"emailAddress\":\"system@test.partneur.dr2dev.com\",\"senderName\":\"Partneur\"}', '2016-02-05 02:57:28', '2016-02-05 03:00:05', '61aa937a-8610-4347-9212-855375a9dcea'),
 ('2', 'users', '{\"requireEmailVerification\":0,\"allowPublicRegistration\":1,\"defaultGroup\":\"1\"}', '2016-03-07 10:01:42', '2016-03-21 18:34:28', 'f6c14033-e637-430a-8a35-a6e9ea87879d');



DROP TABLE IF EXISTS `craft_taggroups`;


--
-- Schema for table `craft_taggroups`
--
CREATE TABLE `craft_taggroups` (
  `id` int(11) NOT NULL AUTO_INCREMENT,
  `name` varchar(255) COLLATE utf8_unicode_ci NOT NULL,
  `handle` varchar(255) COLLATE utf8_unicode_ci NOT NULL,
  `fieldLayoutId` int(10) DEFAULT NULL,
  `dateCreated` datetime NOT NULL,
  `dateUpdated` datetime NOT NULL,
  `uid` char(36) COLLATE utf8_unicode_ci NOT NULL DEFAULT '0',
  PRIMARY KEY (`id`),
  UNIQUE KEY `craft_taggroups_name_unq_idx` (`name`),
  UNIQUE KEY `craft_taggroups_handle_unq_idx` (`handle`),
  KEY `craft_taggroups_fieldLayoutId_fk` (`fieldLayoutId`)
) ENGINE=InnoDB AUTO_INCREMENT=2 DEFAULT CHARSET=utf8 COLLATE=utf8_unicode_ci;

--
-- Data for table `craft_taggroups`
--

INSERT INTO `craft_taggroups` (`id`, `name`, `handle`, `fieldLayoutId`, `dateCreated`, `dateUpdated`, `uid`) VALUES
 ('1', 'Default', 'default', '1', '2016-02-05 02:57:28', '2016-02-05 02:57:28', '335eb69d-6548-4f2b-b894-ccf309407202');



DROP TABLE IF EXISTS `craft_tags`;


--
-- Schema for table `craft_tags`
--
CREATE TABLE `craft_tags` (
  `id` int(11) NOT NULL,
  `groupId` int(11) NOT NULL,
  `dateCreated` datetime NOT NULL,
  `dateUpdated` datetime NOT NULL,
  `uid` char(36) COLLATE utf8_unicode_ci NOT NULL DEFAULT '0',
  PRIMARY KEY (`id`),
  KEY `craft_tags_groupId_fk` (`groupId`)
) ENGINE=InnoDB DEFAULT CHARSET=utf8 COLLATE=utf8_unicode_ci;

DROP TABLE IF EXISTS `craft_tasks`;


--
-- Schema for table `craft_tasks`
--
CREATE TABLE `craft_tasks` (
  `id` int(11) NOT NULL AUTO_INCREMENT,
  `root` int(11) unsigned DEFAULT NULL,
  `lft` int(11) unsigned NOT NULL,
  `rgt` int(11) unsigned NOT NULL,
  `level` smallint(6) unsigned NOT NULL,
  `currentStep` int(11) unsigned DEFAULT NULL,
  `totalSteps` int(11) unsigned DEFAULT NULL,
  `status` enum('pending','error','running') COLLATE utf8_unicode_ci DEFAULT NULL,
  `type` varchar(150) COLLATE utf8_unicode_ci NOT NULL,
  `description` varchar(255) COLLATE utf8_unicode_ci DEFAULT NULL,
  `settings` text COLLATE utf8_unicode_ci,
  `dateCreated` datetime NOT NULL,
  `dateUpdated` datetime NOT NULL,
  `uid` char(36) COLLATE utf8_unicode_ci NOT NULL DEFAULT '0',
  PRIMARY KEY (`id`),
  KEY `craft_tasks_root_idx` (`root`),
  KEY `craft_tasks_lft_idx` (`lft`),
  KEY `craft_tasks_rgt_idx` (`rgt`),
  KEY `craft_tasks_level_idx` (`level`)
) ENGINE=InnoDB AUTO_INCREMENT=2 DEFAULT CHARSET=utf8 COLLATE=utf8_unicode_ci;

DROP TABLE IF EXISTS `craft_templatecachecriteria`;


--
-- Schema for table `craft_templatecachecriteria`
--
CREATE TABLE `craft_templatecachecriteria` (
  `id` int(11) NOT NULL AUTO_INCREMENT,
  `cacheId` int(11) NOT NULL,
  `type` varchar(150) COLLATE utf8_unicode_ci NOT NULL,
  `criteria` text COLLATE utf8_unicode_ci NOT NULL,
  PRIMARY KEY (`id`),
  KEY `craft_templatecachecriteria_cacheId_fk` (`cacheId`),
  KEY `craft_templatecachecriteria_type_idx` (`type`)
) ENGINE=InnoDB DEFAULT CHARSET=utf8 COLLATE=utf8_unicode_ci;

DROP TABLE IF EXISTS `craft_templatecacheelements`;


--
-- Schema for table `craft_templatecacheelements`
--
CREATE TABLE `craft_templatecacheelements` (
  `cacheId` int(11) NOT NULL,
  `elementId` int(11) NOT NULL,
  KEY `craft_templatecacheelements_cacheId_fk` (`cacheId`),
  KEY `craft_templatecacheelements_elementId_fk` (`elementId`)
) ENGINE=InnoDB DEFAULT CHARSET=utf8 COLLATE=utf8_unicode_ci;

DROP TABLE IF EXISTS `craft_templatecaches`;


--
-- Schema for table `craft_templatecaches`
--
CREATE TABLE `craft_templatecaches` (
  `id` int(11) NOT NULL AUTO_INCREMENT,
  `cacheKey` varchar(255) COLLATE utf8_unicode_ci NOT NULL,
  `locale` char(12) COLLATE utf8_unicode_ci NOT NULL,
  `path` varchar(255) COLLATE utf8_unicode_ci DEFAULT NULL,
  `expiryDate` datetime NOT NULL,
  `body` mediumtext COLLATE utf8_unicode_ci NOT NULL,
  PRIMARY KEY (`id`),
  KEY `craft_templatecaches_expiryDate_cacheKey_locale_path_idx` (`expiryDate`,`cacheKey`,`locale`,`path`),
  KEY `craft_templatecaches_locale_fk` (`locale`)
) ENGINE=InnoDB DEFAULT CHARSET=utf8 COLLATE=utf8_unicode_ci;

DROP TABLE IF EXISTS `craft_tokens`;


--
-- Schema for table `craft_tokens`
--
CREATE TABLE `craft_tokens` (
  `id` int(11) NOT NULL AUTO_INCREMENT,
  `token` char(32) COLLATE utf8_unicode_ci NOT NULL,
  `route` text COLLATE utf8_unicode_ci,
  `usageLimit` tinyint(3) unsigned DEFAULT NULL,
  `usageCount` tinyint(3) unsigned DEFAULT NULL,
  `expiryDate` datetime NOT NULL,
  `dateCreated` datetime NOT NULL,
  `dateUpdated` datetime NOT NULL,
  `uid` char(36) COLLATE utf8_unicode_ci NOT NULL DEFAULT '0',
  PRIMARY KEY (`id`),
  UNIQUE KEY `craft_tokens_token_unq_idx` (`token`),
  KEY `craft_tokens_expiryDate_idx` (`expiryDate`)
) ENGINE=InnoDB DEFAULT CHARSET=utf8 COLLATE=utf8_unicode_ci;

DROP TABLE IF EXISTS `craft_usergroups`;


--
-- Schema for table `craft_usergroups`
--
CREATE TABLE `craft_usergroups` (
  `id` int(11) NOT NULL AUTO_INCREMENT,
  `name` varchar(255) COLLATE utf8_unicode_ci NOT NULL,
  `handle` varchar(255) COLLATE utf8_unicode_ci NOT NULL,
  `dateCreated` datetime NOT NULL,
  `dateUpdated` datetime NOT NULL,
  `uid` char(36) COLLATE utf8_unicode_ci NOT NULL DEFAULT '0',
  PRIMARY KEY (`id`)
) ENGINE=InnoDB AUTO_INCREMENT=2 DEFAULT CHARSET=utf8 COLLATE=utf8_unicode_ci;

--
-- Data for table `craft_usergroups`
--

INSERT INTO `craft_usergroups` (`id`, `name`, `handle`, `dateCreated`, `dateUpdated`, `uid`) VALUES
 ('1', 'Partneurs', 'partneurs', '2016-03-21 18:33:49', '2016-03-21 18:34:05', '6a1bbe0e-541c-450b-b07c-4cc7ce2e6eac');



DROP TABLE IF EXISTS `craft_usergroups_users`;


--
-- Schema for table `craft_usergroups_users`
--
CREATE TABLE `craft_usergroups_users` (
  `id` int(11) NOT NULL AUTO_INCREMENT,
  `groupId` int(11) NOT NULL,
  `userId` int(11) NOT NULL,
  `dateCreated` datetime NOT NULL,
  `dateUpdated` datetime NOT NULL,
  `uid` char(36) COLLATE utf8_unicode_ci NOT NULL DEFAULT '0',
  PRIMARY KEY (`id`),
  UNIQUE KEY `craft_usergroups_users_groupId_userId_unq_idx` (`groupId`,`userId`),
  KEY `craft_usergroups_users_userId_fk` (`userId`)
) ENGINE=InnoDB AUTO_INCREMENT=26 DEFAULT CHARSET=utf8 COLLATE=utf8_unicode_ci;

--
-- Data for table `craft_usergroups_users`
--

INSERT INTO `craft_usergroups_users` (`id`, `groupId`, `userId`, `dateCreated`, `dateUpdated`, `uid`) VALUES
 ('1', '1', '880', '2016-03-21 18:34:45', '2016-03-21 18:34:45', '5fc5b60d-365a-4966-babe-371b66346080'),
 ('3', '1', '877', '2016-03-21 18:35:06', '2016-03-21 18:35:06', 'c0d38d89-afc2-41d8-a19a-9ee2684885b4'),
 ('4', '1', '818', '2016-03-21 18:35:17', '2016-03-21 18:35:17', '2373041d-3e33-4d28-ba6b-4fe8caee4be1'),
 ('5', '1', '817', '2016-03-21 18:35:28', '2016-03-21 18:35:28', '58be0aa6-9b89-4da6-bd41-b56610670331'),
 ('18', '1', '851', '2016-03-22 20:30:14', '2016-03-22 20:30:14', '17779e1b-9bbc-4992-90b8-402707956e64'),
 ('20', '1', '4', '2016-03-22 20:30:51', '2016-03-22 20:30:51', 'caa7093d-9323-4d8c-ada9-2f10f1a5c62f'),
 ('21', '1', '1', '2016-03-22 21:01:31', '2016-03-22 21:01:31', 'ce68d49a-f951-49d6-80d9-dff864cc8159'),
 ('23', '1', '921', '2016-03-23 00:37:59', '2016-03-23 00:37:59', 'ef09347f-345c-4025-b8b3-08d4e20a7ec4'),
 ('24', '1', '922', '2016-03-23 00:39:38', '2016-03-23 00:39:38', 'a8c8e365-9094-4340-b72d-1699ba08d0e5'),
 ('25', '1', '905', '2016-04-10 19:06:11', '2016-04-10 19:06:11', 'a12af04a-bfb8-499f-9dab-b778097c0ec0');



DROP TABLE IF EXISTS `craft_userpermissions`;


--
-- Schema for table `craft_userpermissions`
--
CREATE TABLE `craft_userpermissions` (
  `id` int(11) NOT NULL AUTO_INCREMENT,
  `name` varchar(255) COLLATE utf8_unicode_ci NOT NULL,
  `dateCreated` datetime NOT NULL,
  `dateUpdated` datetime NOT NULL,
  `uid` char(36) COLLATE utf8_unicode_ci NOT NULL DEFAULT '0',
  PRIMARY KEY (`id`),
  UNIQUE KEY `craft_userpermissions_name_unq_idx` (`name`)
) ENGINE=InnoDB AUTO_INCREMENT=8 DEFAULT CHARSET=utf8 COLLATE=utf8_unicode_ci;

--
-- Data for table `craft_userpermissions`
--

INSERT INTO `craft_userpermissions` (`id`, `name`, `dateCreated`, `dateUpdated`, `uid`) VALUES
 ('1', 'editusers', '2016-03-21 18:33:49', '2016-03-21 18:33:49', '9465a7a6-1747-4a12-b41c-fd5161d41bdf'),
 ('2', 'createentries:4', '2016-03-21 18:33:49', '2016-03-21 18:33:49', '1bedb108-2cc1-460e-89fe-6327d010c8dc'),
 ('3', 'publishentries:4', '2016-03-21 18:33:49', '2016-03-21 18:33:49', '07f48b5e-5152-489e-b966-488adce36977'),
 ('4', 'editentries:4', '2016-03-21 18:33:49', '2016-03-21 18:33:49', '895fee92-8e78-424d-b855-51dc0cb54dbc'),
 ('5', 'createentries:3', '2016-03-21 18:33:49', '2016-03-21 18:33:49', '8bcc6800-5134-428d-afba-d43b74e22d4c'),
 ('6', 'publishentries:3', '2016-03-21 18:33:49', '2016-03-21 18:33:49', '9bf8e115-6136-49db-810c-2684065b2356'),
 ('7', 'editentries:3', '2016-03-21 18:33:49', '2016-03-21 18:33:49', 'ffe34d44-0343-4941-8634-3af8e9f539ed');



DROP TABLE IF EXISTS `craft_userpermissions_usergroups`;


--
-- Schema for table `craft_userpermissions_usergroups`
--
CREATE TABLE `craft_userpermissions_usergroups` (
  `id` int(11) NOT NULL AUTO_INCREMENT,
  `permissionId` int(11) NOT NULL,
  `groupId` int(11) NOT NULL,
  `dateCreated` datetime NOT NULL,
  `dateUpdated` datetime NOT NULL,
  `uid` char(36) COLLATE utf8_unicode_ci NOT NULL DEFAULT '0',
  PRIMARY KEY (`id`),
  UNIQUE KEY `craft_userpermissions_usergroups_permissionId_groupId_unq_idx` (`permissionId`,`groupId`),
  KEY `craft_userpermissions_usergroups_groupId_fk` (`groupId`)
) ENGINE=InnoDB AUTO_INCREMENT=14 DEFAULT CHARSET=utf8 COLLATE=utf8_unicode_ci;

--
-- Data for table `craft_userpermissions_usergroups`
--

INSERT INTO `craft_userpermissions_usergroups` (`id`, `permissionId`, `groupId`, `dateCreated`, `dateUpdated`, `uid`) VALUES
 ('8', '2', '1', '2016-03-21 18:34:05', '2016-03-21 18:34:05', '09c03e25-6c5b-420d-a61b-020fa520b5fa'),
 ('9', '3', '1', '2016-03-21 18:34:05', '2016-03-21 18:34:05', '92f098ae-cfe8-4c32-9966-1a0202ff40f9'),
 ('10', '4', '1', '2016-03-21 18:34:05', '2016-03-21 18:34:05', '4cc8844f-9396-4e1c-b022-b40eb5250cfd'),
 ('11', '5', '1', '2016-03-21 18:34:05', '2016-03-21 18:34:05', '28cd217d-babe-42cb-9d92-f34842039c6f'),
 ('12', '6', '1', '2016-03-21 18:34:05', '2016-03-21 18:34:05', '0dd2c549-e8b8-46f3-9eee-0ec209a6d37d'),
 ('13', '7', '1', '2016-03-21 18:34:05', '2016-03-21 18:34:05', 'd457e584-b155-46ab-8441-94e59e463bc3');



DROP TABLE IF EXISTS `craft_userpermissions_users`;


--
-- Schema for table `craft_userpermissions_users`
--
CREATE TABLE `craft_userpermissions_users` (
  `id` int(11) NOT NULL AUTO_INCREMENT,
  `permissionId` int(11) NOT NULL,
  `userId` int(11) NOT NULL,
  `dateCreated` datetime NOT NULL,
  `dateUpdated` datetime NOT NULL,
  `uid` char(36) COLLATE utf8_unicode_ci NOT NULL DEFAULT '0',
  PRIMARY KEY (`id`),
  UNIQUE KEY `craft_userpermissions_users_permissionId_userId_unq_idx` (`permissionId`,`userId`),
  KEY `craft_userpermissions_users_userId_fk` (`userId`)
) ENGINE=InnoDB DEFAULT CHARSET=utf8 COLLATE=utf8_unicode_ci;

DROP TABLE IF EXISTS `craft_users`;


--
-- Schema for table `craft_users`
--
CREATE TABLE `craft_users` (
  `id` int(11) NOT NULL,
  `username` varchar(100) COLLATE utf8_unicode_ci NOT NULL,
  `photo` varchar(100) COLLATE utf8_unicode_ci DEFAULT NULL,
  `firstName` varchar(100) COLLATE utf8_unicode_ci DEFAULT NULL,
  `lastName` varchar(100) COLLATE utf8_unicode_ci DEFAULT NULL,
  `email` varchar(255) COLLATE utf8_unicode_ci NOT NULL,
  `password` char(255) COLLATE utf8_unicode_ci DEFAULT NULL,
  `preferredLocale` char(12) COLLATE utf8_unicode_ci DEFAULT NULL,
  `weekStartDay` tinyint(1) unsigned NOT NULL DEFAULT '0',
  `admin` tinyint(1) unsigned NOT NULL DEFAULT '0',
  `client` tinyint(1) unsigned NOT NULL DEFAULT '0',
  `locked` tinyint(1) unsigned NOT NULL DEFAULT '0',
  `suspended` tinyint(1) unsigned NOT NULL DEFAULT '0',
  `pending` tinyint(1) unsigned NOT NULL DEFAULT '0',
  `archived` tinyint(1) unsigned NOT NULL DEFAULT '0',
  `lastLoginDate` datetime DEFAULT NULL,
  `lastLoginAttemptIPAddress` varchar(45) COLLATE utf8_unicode_ci DEFAULT NULL,
  `invalidLoginWindowStart` datetime DEFAULT NULL,
  `invalidLoginCount` tinyint(4) unsigned DEFAULT NULL,
  `lastInvalidLoginDate` datetime DEFAULT NULL,
  `lockoutDate` datetime DEFAULT NULL,
  `verificationCode` char(100) COLLATE utf8_unicode_ci DEFAULT NULL,
  `verificationCodeIssuedDate` datetime DEFAULT NULL,
  `unverifiedEmail` varchar(255) COLLATE utf8_unicode_ci DEFAULT NULL,
  `passwordResetRequired` tinyint(1) unsigned NOT NULL DEFAULT '0',
  `lastPasswordChangeDate` datetime DEFAULT NULL,
  `dateCreated` datetime NOT NULL,
  `dateUpdated` datetime NOT NULL,
  `uid` char(36) COLLATE utf8_unicode_ci NOT NULL DEFAULT '0',
  PRIMARY KEY (`id`),
  UNIQUE KEY `craft_users_username_unq_idx` (`username`),
  UNIQUE KEY `craft_users_email_unq_idx` (`email`),
  KEY `craft_users_verificationCode_idx` (`verificationCode`),
  KEY `craft_users_uid_idx` (`uid`),
  KEY `craft_users_preferredLocale_fk` (`preferredLocale`)
) ENGINE=InnoDB DEFAULT CHARSET=utf8 COLLATE=utf8_unicode_ci;

--
-- Data for table `craft_users`
--

INSERT INTO `craft_users` (`id`, `username`, `photo`, `firstName`, `lastName`, `email`, `password`, `preferredLocale`, `weekStartDay`, `admin`, `client`, `locked`, `suspended`, `pending`, `archived`, `lastLoginDate`, `lastLoginAttemptIPAddress`, `invalidLoginWindowStart`, `invalidLoginCount`, `lastInvalidLoginDate`, `lockoutDate`, `verificationCode`, `verificationCodeIssuedDate`, `unverifiedEmail`, `passwordResetRequired`, `lastPasswordChangeDate`, `dateCreated`, `dateUpdated`, `uid`) VALUES
 ('1', 'daveramps@gmail.com', 'z5hXLsq.jpg', 'David', 'Rampersad', 'daveramps@gmail.com', '$2y$13$xoN1z8zhUw849TsqQg5e.uclKHQjHWijVME7Yewzx8CoheLSazUoO', NULL, '0', '1', '0', '0', '0', '0', '0', '2016-04-10 18:43:48', '2601:602:200:64d6:f5c9:11d0:9917:ea10', NULL, NULL, '2016-04-10 18:43:42', NULL, NULL, NULL, NULL, '0', '2016-03-02 17:57:56', '2016-02-05 02:57:27', '2016-04-10 18:43:48', '15405cac-d2e8-4047-83b4-5eb0eb819a52'),
 ('4', 'mike@tech-gents.com', 'mike2.png', 'Mike', 'Cramblett', 'mike@tech-gents.com', '$2y$13$suVWiPXr7altHP3qSI2UHOMSO5GPUkAzNYeSTMMPjdwhNflZNW1ea', NULL, '0', '1', '0', '0', '0', '0', '0', '2016-03-23 22:27:07', '2601:602:401:a720:8c5:d0e8:4f9a:1e4e', NULL, NULL, '2016-03-08 11:30:12', NULL, NULL, NULL, NULL, '0', '2016-02-09 00:22:53', '2016-02-05 02:59:25', '2016-03-23 22:27:07', '1055bf6b-a8e8-47ca-81fe-ee49d7a98d33'),
 ('817', 'jordan.stambaugh@gmail.com', 'me-black-white-logo.jpg', 'Jordan', 'Stambaugh', 'jordan.stambaugh@gmail.com', '$2y$13$UOOymOOlHLqu0MOnUKEza.XnSF8amXM./1Q.fJ9cN5g.wnwna0HES', NULL, '0', '0', '0', '0', '0', '0', '0', '2016-03-26 19:37:31', '67.183.242.57', NULL, NULL, NULL, NULL, NULL, NULL, NULL, '0', '2016-03-14 01:21:54', '2016-03-14 01:21:55', '2016-03-26 19:40:16', 'ee57cce1-42a2-40b3-a915-24be78ea9836'),
 ('818', 'dan@tech-gents.com', NULL, '', '', 'dan@tech-gents.com', '$2y$13$8LY8sKgpbK4MeYH1zHUbKOrXNn7HDexeDvpvh5JtIZT3FBBOjSWX.', NULL, '0', '0', '0', '0', '0', '0', '0', '2016-03-15 17:10:28', '174.21.90.208', NULL, NULL, NULL, NULL, NULL, NULL, NULL, '0', '2016-03-15 17:10:28', '2016-03-15 17:10:28', '2016-03-21 18:35:17', '56b06624-6644-4f5b-9282-ae1090cb0d5c'),
 ('851', 'rhoff412@gmail.com', 'IMG_20150529_161114116_HDR.jpg', 'Ryan', 'Hoffman', 'rhoff412@gmail.com', '$2y$13$d5FwnTmqUgjmqQwjevRFiez8iP2NrZoLBkmvh3OYwYCRauXWyJHyG', NULL, '0', '1', '0', '0', '0', '0', '0', '2016-04-10 18:39:24', '172.79.253.79', NULL, NULL, '2016-04-10 18:39:11', NULL, NULL, NULL, NULL, '0', '2016-03-20 19:21:16', '2016-03-20 19:21:16', '2016-04-10 18:39:24', 'c6a3b7a8-2f00-4a22-9f2b-3ee3db6df47b'),
 ('877', 'Brian.budzinski@gmail.com', NULL, 'Brian', 'Budzinski', 'Brian.budzinski@gmail.com', '$2y$13$iFQjxB.vXlbA1EmU0My.dOccwu.RnY8XnvmcW6aVKwrULMBj6gP3i', NULL, '0', '0', '0', '0', '0', '0', '0', '2016-03-23 01:04:36', '96.247.14.137', NULL, NULL, '2016-03-23 01:04:12', NULL, NULL, NULL, NULL, '0', '2016-03-23 00:38:50', '2016-03-20 23:01:41', '2016-03-23 01:57:45', '96274a5e-3ed6-4089-adea-5a4f836b07dd'),
 ('880', 'r_hoff_412@yahoo.com', NULL, 'Ryan', 'H', 'r_hoff_412@yahoo.com', '$2y$13$3aygUdO5AdxInFPLrMSWpenMKUaQtSEqJCPpTXonMSHIhaTwOO67a', NULL, '0', '0', '0', '0', '0', '0', '0', '2016-03-20 23:16:50', '173.85.213.19', NULL, NULL, NULL, NULL, NULL, NULL, NULL, '0', '2016-03-20 23:09:06', '2016-03-20 23:09:06', '2016-03-21 18:34:45', 'a3f559cb-aab4-4ae2-834e-3bb4391b994d'),
 ('905', 'Dan.joyner@gmail.com', 'image.jpeg', 'Dan', 'Joyner', 'Dan.joyner@gmail.com', '$2y$13$Ow9V4cyPxDAUqG3rHc.kYObG8SYy.cA6dnH.vnM8NTWeN3CyRCXrG', NULL, '0', '1', '0', '0', '0', '0', '0', '2016-04-05 04:58:47', '2601:602:200:64d6:79b2:4363:b71:a94b', NULL, NULL, NULL, NULL, NULL, NULL, NULL, '0', '2016-03-22 22:19:48', '2016-03-22 22:19:48', '2016-04-10 19:06:11', '8042527a-a45b-4ba8-bfd3-6c941b8172be'),
 ('921', 'nfangupo@hotmail.com', NULL, 'Naki', 'Fangupo', 'nfangupo@hotmail.com', '$2y$13$vomQoxc4BpNTU4PFsgPHL.FagR6mn8/b9ZvYjZoxvSnza..3Nc/Le', NULL, '0', '0', '0', '0', '0', '0', '0', '2016-03-23 00:37:59', '24.43.52.235', NULL, NULL, NULL, NULL, NULL, NULL, NULL, '0', '2016-03-23 00:37:59', '2016-03-23 00:37:59', '2016-03-23 00:41:27', 'fcb8ed05-a404-4bec-81a4-7bb207a55cc0'),
 ('922', 'jimenez.gjr@gmail.com', NULL, 'JR', 'Jimenez', 'jimenez.gjr@gmail.com', '$2y$13$JnISQkpDt6.uSlbflwtaj.6EiIZssJ4TExw9vKeaDhg7ziTCt/twi', NULL, '0', '0', '0', '0', '0', '0', '0', '2016-03-23 00:39:38', '24.43.52.235', NULL, NULL, NULL, NULL, NULL, NULL, NULL, '0', '2016-03-23 00:39:38', '2016-03-23 00:39:38', '2016-03-23 00:49:30', 'e3a83f49-184d-4822-aa96-6b144ab2251a');



DROP TABLE IF EXISTS `craft_widgets`;


--
-- Schema for table `craft_widgets`
--
CREATE TABLE `craft_widgets` (
  `id` int(11) NOT NULL AUTO_INCREMENT,
  `userId` int(11) NOT NULL,
  `type` varchar(150) COLLATE utf8_unicode_ci NOT NULL,
  `sortOrder` smallint(6) unsigned DEFAULT NULL,
  `colspan` tinyint(4) unsigned DEFAULT NULL,
  `settings` text COLLATE utf8_unicode_ci,
  `enabled` tinyint(1) unsigned NOT NULL DEFAULT '1',
  `dateCreated` datetime NOT NULL,
  `dateUpdated` datetime NOT NULL,
  `uid` char(36) COLLATE utf8_unicode_ci NOT NULL DEFAULT '0',
  PRIMARY KEY (`id`),
  KEY `craft_widgets_userId_fk` (`userId`)
) ENGINE=InnoDB AUTO_INCREMENT=13 DEFAULT CHARSET=utf8 COLLATE=utf8_unicode_ci;

--
-- Data for table `craft_widgets`
--

INSERT INTO `craft_widgets` (`id`, `userId`, `type`, `sortOrder`, `colspan`, `settings`, `enabled`, `dateCreated`, `dateUpdated`, `uid`) VALUES
 ('1', '1', 'RecentEntries', '1', NULL, NULL, '1', '2016-02-05 02:57:30', '2016-02-05 02:57:30', 'e4e6a554-3783-49fd-b5f7-8569b525384b'),
 ('2', '1', 'GetHelp', '2', NULL, NULL, '1', '2016-02-05 02:57:30', '2016-02-05 02:57:30', '4352330a-8956-4acf-a095-de00f4ba946e'),
 ('3', '1', 'Updates', '3', NULL, NULL, '1', '2016-02-05 02:57:30', '2016-02-05 02:57:30', '01ca9878-101b-4a31-ba1e-b5089ee77d73'),
 ('4', '1', 'Feed', '4', NULL, '{\"url\":\"https:\\/\\/craftcms.com\\/news.rss\",\"title\":\"Craft News\"}', '1', '2016-02-05 02:57:30', '2016-02-05 02:58:09', 'c8cad011-d48a-452f-abb1-d812e08eb610'),
 ('5', '4', 'RecentEntries', '1', NULL, NULL, '1', '2016-02-09 00:23:00', '2016-02-09 00:23:00', '7cf3cdf6-084a-4e63-b4f3-322fde611b6c'),
 ('6', '4', 'GetHelp', '2', NULL, NULL, '1', '2016-02-09 00:23:00', '2016-02-09 00:23:00', '76b83506-aeb6-42f8-b922-431320ce82c8'),
 ('7', '4', 'Updates', '3', NULL, NULL, '1', '2016-02-09 00:23:00', '2016-02-09 00:23:00', '6cbd7b59-398f-4c2f-8968-85e03131f5c9'),
 ('8', '4', 'Feed', '4', NULL, '{\"url\":\"https:\\/\\/craftcms.com\\/news.rss\",\"title\":\"Craft News\"}', '1', '2016-02-09 00:23:00', '2016-02-09 00:23:00', '56c44808-8122-4b95-bbdd-2a91eb6fdbbd'),
 ('9', '851', 'RecentEntries', '1', NULL, NULL, '1', '2016-04-10 18:50:24', '2016-04-10 18:50:24', 'b063b577-7ded-495f-b86b-da99611b77fb'),
 ('10', '851', 'GetHelp', '2', NULL, NULL, '1', '2016-04-10 18:50:24', '2016-04-10 18:50:24', 'd74817ae-6051-44ad-b5f0-328ec0488038'),
 ('11', '851', 'Updates', '3', NULL, NULL, '1', '2016-04-10 18:50:24', '2016-04-10 18:50:24', '89082592-4637-4ded-9901-a38536fc0677'),
 ('12', '851', 'Feed', '4', NULL, '{\"url\":\"https:\\/\\/craftcms.com\\/news.rss\",\"title\":\"Craft News\"}', '1', '2016-04-10 18:50:24', '2016-04-10 18:50:24', 'd60a5fff-b7ed-4b70-bbac-cd64e1b8ca7b');


--
-- Constraints for tables
--


--
-- Constraints for table `craft_assetfiles`
--
ALTER TABLE `craft_assetfiles`
	ADD CONSTRAINT `craft_assetfiles_folderId_fk` FOREIGN KEY (`folderId`) REFERENCES `craft_assetfolders` (`id`) ON DELETE CASCADE,
	ADD CONSTRAINT `craft_assetfiles_id_fk` FOREIGN KEY (`id`) REFERENCES `craft_elements` (`id`) ON DELETE CASCADE,
	ADD CONSTRAINT `craft_assetfiles_sourceId_fk` FOREIGN KEY (`sourceId`) REFERENCES `craft_assetsources` (`id`) ON DELETE CASCADE;

--
-- Constraints for table `craft_assetfolders`
--
ALTER TABLE `craft_assetfolders`
	ADD CONSTRAINT `craft_assetfolders_parentId_fk` FOREIGN KEY (`parentId`) REFERENCES `craft_assetfolders` (`id`) ON DELETE CASCADE,
	ADD CONSTRAINT `craft_assetfolders_sourceId_fk` FOREIGN KEY (`sourceId`) REFERENCES `craft_assetsources` (`id`) ON DELETE CASCADE;

--
-- Constraints for table `craft_assetindexdata`
--
ALTER TABLE `craft_assetindexdata`
	ADD CONSTRAINT `craft_assetindexdata_sourceId_fk` FOREIGN KEY (`sourceId`) REFERENCES `craft_assetsources` (`id`) ON DELETE CASCADE;

--
-- Constraints for table `craft_assetsources`
--
ALTER TABLE `craft_assetsources`
	ADD CONSTRAINT `craft_assetsources_fieldLayoutId_fk` FOREIGN KEY (`fieldLayoutId`) REFERENCES `craft_fieldlayouts` (`id`) ON DELETE SET NULL;

--
-- Constraints for table `craft_categories`
--
ALTER TABLE `craft_categories`
	ADD CONSTRAINT `craft_categories_groupId_fk` FOREIGN KEY (`groupId`) REFERENCES `craft_categorygroups` (`id`) ON DELETE CASCADE,
	ADD CONSTRAINT `craft_categories_id_fk` FOREIGN KEY (`id`) REFERENCES `craft_elements` (`id`) ON DELETE CASCADE;

--
-- Constraints for table `craft_categorygroups`
--
ALTER TABLE `craft_categorygroups`
	ADD CONSTRAINT `craft_categorygroups_fieldLayoutId_fk` FOREIGN KEY (`fieldLayoutId`) REFERENCES `craft_fieldlayouts` (`id`) ON DELETE SET NULL,
	ADD CONSTRAINT `craft_categorygroups_structureId_fk` FOREIGN KEY (`structureId`) REFERENCES `craft_structures` (`id`) ON DELETE CASCADE;

--
-- Constraints for table `craft_categorygroups_i18n`
--
ALTER TABLE `craft_categorygroups_i18n`
	ADD CONSTRAINT `craft_categorygroups_i18n_groupId_fk` FOREIGN KEY (`groupId`) REFERENCES `craft_categorygroups` (`id`) ON DELETE CASCADE,
	ADD CONSTRAINT `craft_categorygroups_i18n_locale_fk` FOREIGN KEY (`locale`) REFERENCES `craft_locales` (`locale`) ON DELETE CASCADE ON UPDATE CASCADE;

--
-- Constraints for table `craft_content`
--
ALTER TABLE `craft_content`
	ADD CONSTRAINT `craft_content_elementId_fk` FOREIGN KEY (`elementId`) REFERENCES `craft_elements` (`id`) ON DELETE CASCADE,
	ADD CONSTRAINT `craft_content_locale_fk` FOREIGN KEY (`locale`) REFERENCES `craft_locales` (`locale`) ON DELETE CASCADE ON UPDATE CASCADE;

--
-- Constraints for table `craft_elements_i18n`
--
ALTER TABLE `craft_elements_i18n`
	ADD CONSTRAINT `craft_elements_i18n_elementId_fk` FOREIGN KEY (`elementId`) REFERENCES `craft_elements` (`id`) ON DELETE CASCADE,
	ADD CONSTRAINT `craft_elements_i18n_locale_fk` FOREIGN KEY (`locale`) REFERENCES `craft_locales` (`locale`) ON DELETE CASCADE ON UPDATE CASCADE;

--
-- Constraints for table `craft_emailmessages`
--
ALTER TABLE `craft_emailmessages`
	ADD CONSTRAINT `craft_emailmessages_locale_fk` FOREIGN KEY (`locale`) REFERENCES `craft_locales` (`locale`) ON DELETE CASCADE ON UPDATE CASCADE;

--
-- Constraints for table `craft_entries`
--
ALTER TABLE `craft_entries`
	ADD CONSTRAINT `craft_entries_authorId_fk` FOREIGN KEY (`authorId`) REFERENCES `craft_users` (`id`) ON DELETE CASCADE,
	ADD CONSTRAINT `craft_entries_id_fk` FOREIGN KEY (`id`) REFERENCES `craft_elements` (`id`) ON DELETE CASCADE,
	ADD CONSTRAINT `craft_entries_sectionId_fk` FOREIGN KEY (`sectionId`) REFERENCES `craft_sections` (`id`) ON DELETE CASCADE,
	ADD CONSTRAINT `craft_entries_typeId_fk` FOREIGN KEY (`typeId`) REFERENCES `craft_entrytypes` (`id`) ON DELETE CASCADE;

--
-- Constraints for table `craft_entrydrafts`
--
ALTER TABLE `craft_entrydrafts`
	ADD CONSTRAINT `craft_entrydrafts_creatorId_fk` FOREIGN KEY (`creatorId`) REFERENCES `craft_users` (`id`) ON DELETE CASCADE,
	ADD CONSTRAINT `craft_entrydrafts_entryId_fk` FOREIGN KEY (`entryId`) REFERENCES `craft_entries` (`id`) ON DELETE CASCADE,
	ADD CONSTRAINT `craft_entrydrafts_locale_fk` FOREIGN KEY (`locale`) REFERENCES `craft_locales` (`locale`) ON DELETE CASCADE ON UPDATE CASCADE,
	ADD CONSTRAINT `craft_entrydrafts_sectionId_fk` FOREIGN KEY (`sectionId`) REFERENCES `craft_sections` (`id`) ON DELETE CASCADE;

--
-- Constraints for table `craft_entrytypes`
--
ALTER TABLE `craft_entrytypes`
	ADD CONSTRAINT `craft_entrytypes_fieldLayoutId_fk` FOREIGN KEY (`fieldLayoutId`) REFERENCES `craft_fieldlayouts` (`id`) ON DELETE SET NULL,
	ADD CONSTRAINT `craft_entrytypes_sectionId_fk` FOREIGN KEY (`sectionId`) REFERENCES `craft_sections` (`id`) ON DELETE CASCADE;

--
-- Constraints for table `craft_entryversions`
--
ALTER TABLE `craft_entryversions`
	ADD CONSTRAINT `craft_entryversions_creatorId_fk` FOREIGN KEY (`creatorId`) REFERENCES `craft_users` (`id`) ON DELETE SET NULL,
	ADD CONSTRAINT `craft_entryversions_entryId_fk` FOREIGN KEY (`entryId`) REFERENCES `craft_entries` (`id`) ON DELETE CASCADE,
	ADD CONSTRAINT `craft_entryversions_locale_fk` FOREIGN KEY (`locale`) REFERENCES `craft_locales` (`locale`) ON DELETE CASCADE ON UPDATE CASCADE,
	ADD CONSTRAINT `craft_entryversions_sectionId_fk` FOREIGN KEY (`sectionId`) REFERENCES `craft_sections` (`id`) ON DELETE CASCADE;

--
-- Constraints for table `craft_fieldlayoutfields`
--
ALTER TABLE `craft_fieldlayoutfields`
	ADD CONSTRAINT `craft_fieldlayoutfields_fieldId_fk` FOREIGN KEY (`fieldId`) REFERENCES `craft_fields` (`id`) ON DELETE CASCADE,
	ADD CONSTRAINT `craft_fieldlayoutfields_layoutId_fk` FOREIGN KEY (`layoutId`) REFERENCES `craft_fieldlayouts` (`id`) ON DELETE CASCADE,
	ADD CONSTRAINT `craft_fieldlayoutfields_tabId_fk` FOREIGN KEY (`tabId`) REFERENCES `craft_fieldlayouttabs` (`id`) ON DELETE CASCADE;

--
-- Constraints for table `craft_fieldlayouttabs`
--
ALTER TABLE `craft_fieldlayouttabs`
	ADD CONSTRAINT `craft_fieldlayouttabs_layoutId_fk` FOREIGN KEY (`layoutId`) REFERENCES `craft_fieldlayouts` (`id`) ON DELETE CASCADE;

--
-- Constraints for table `craft_fields`
--
ALTER TABLE `craft_fields`
	ADD CONSTRAINT `craft_fields_groupId_fk` FOREIGN KEY (`groupId`) REFERENCES `craft_fieldgroups` (`id`) ON DELETE CASCADE;

--
-- Constraints for table `craft_globalsets`
--
ALTER TABLE `craft_globalsets`
	ADD CONSTRAINT `craft_globalsets_fieldLayoutId_fk` FOREIGN KEY (`fieldLayoutId`) REFERENCES `craft_fieldlayouts` (`id`) ON DELETE SET NULL,
	ADD CONSTRAINT `craft_globalsets_id_fk` FOREIGN KEY (`id`) REFERENCES `craft_elements` (`id`) ON DELETE CASCADE;

--
-- Constraints for table `craft_matrixblocks`
--
ALTER TABLE `craft_matrixblocks`
	ADD CONSTRAINT `craft_matrixblocks_fieldId_fk` FOREIGN KEY (`fieldId`) REFERENCES `craft_fields` (`id`) ON DELETE CASCADE,
	ADD CONSTRAINT `craft_matrixblocks_id_fk` FOREIGN KEY (`id`) REFERENCES `craft_elements` (`id`) ON DELETE CASCADE,
	ADD CONSTRAINT `craft_matrixblocks_ownerId_fk` FOREIGN KEY (`ownerId`) REFERENCES `craft_elements` (`id`) ON DELETE CASCADE,
	ADD CONSTRAINT `craft_matrixblocks_ownerLocale_fk` FOREIGN KEY (`ownerLocale`) REFERENCES `craft_locales` (`locale`) ON DELETE CASCADE ON UPDATE CASCADE,
	ADD CONSTRAINT `craft_matrixblocks_typeId_fk` FOREIGN KEY (`typeId`) REFERENCES `craft_matrixblocktypes` (`id`) ON DELETE CASCADE;

--
-- Constraints for table `craft_matrixblocktypes`
--
ALTER TABLE `craft_matrixblocktypes`
	ADD CONSTRAINT `craft_matrixblocktypes_fieldId_fk` FOREIGN KEY (`fieldId`) REFERENCES `craft_fields` (`id`) ON DELETE CASCADE,
	ADD CONSTRAINT `craft_matrixblocktypes_fieldLayoutId_fk` FOREIGN KEY (`fieldLayoutId`) REFERENCES `craft_fieldlayouts` (`id`) ON DELETE SET NULL;

--
-- Constraints for table `craft_matrixcontent_userskills`
--
ALTER TABLE `craft_matrixcontent_userskills`
	ADD CONSTRAINT `craft_matrixcontent_userskills_elementId_fk` FOREIGN KEY (`elementId`) REFERENCES `craft_elements` (`id`) ON DELETE CASCADE,
	ADD CONSTRAINT `craft_matrixcontent_userskills_locale_fk` FOREIGN KEY (`locale`) REFERENCES `craft_locales` (`locale`) ON DELETE CASCADE ON UPDATE CASCADE;

--
-- Constraints for table `craft_migrations`
--
ALTER TABLE `craft_migrations`
	ADD CONSTRAINT `craft_migrations_pluginId_fk` FOREIGN KEY (`pluginId`) REFERENCES `craft_plugins` (`id`) ON DELETE CASCADE;

--
-- Constraints for table `craft_relations`
--
ALTER TABLE `craft_relations`
	ADD CONSTRAINT `craft_relations_fieldId_fk` FOREIGN KEY (`fieldId`) REFERENCES `craft_fields` (`id`) ON DELETE CASCADE,
	ADD CONSTRAINT `craft_relations_sourceId_fk` FOREIGN KEY (`sourceId`) REFERENCES `craft_elements` (`id`) ON DELETE CASCADE,
	ADD CONSTRAINT `craft_relations_sourceLocale_fk` FOREIGN KEY (`sourceLocale`) REFERENCES `craft_locales` (`locale`) ON DELETE CASCADE ON UPDATE CASCADE,
	ADD CONSTRAINT `craft_relations_targetId_fk` FOREIGN KEY (`targetId`) REFERENCES `craft_elements` (`id`) ON DELETE CASCADE;

--
-- Constraints for table `craft_routes`
--
ALTER TABLE `craft_routes`
	ADD CONSTRAINT `craft_routes_locale_fk` FOREIGN KEY (`locale`) REFERENCES `craft_locales` (`locale`) ON DELETE CASCADE ON UPDATE CASCADE;

--
-- Constraints for table `craft_sections`
--
ALTER TABLE `craft_sections`
	ADD CONSTRAINT `craft_sections_structureId_fk` FOREIGN KEY (`structureId`) REFERENCES `craft_structures` (`id`) ON DELETE SET NULL;

--
-- Constraints for table `craft_sections_i18n`
--
ALTER TABLE `craft_sections_i18n`
	ADD CONSTRAINT `craft_sections_i18n_locale_fk` FOREIGN KEY (`locale`) REFERENCES `craft_locales` (`locale`) ON DELETE CASCADE ON UPDATE CASCADE,
	ADD CONSTRAINT `craft_sections_i18n_sectionId_fk` FOREIGN KEY (`sectionId`) REFERENCES `craft_sections` (`id`) ON DELETE CASCADE;

--
-- Constraints for table `craft_sessions`
--
ALTER TABLE `craft_sessions`
	ADD CONSTRAINT `craft_sessions_userId_fk` FOREIGN KEY (`userId`) REFERENCES `craft_users` (`id`) ON DELETE CASCADE;

--
-- Constraints for table `craft_shunnedmessages`
--
ALTER TABLE `craft_shunnedmessages`
	ADD CONSTRAINT `craft_shunnedmessages_userId_fk` FOREIGN KEY (`userId`) REFERENCES `craft_users` (`id`) ON DELETE CASCADE;

--
-- Constraints for table `craft_sproutforms_entries`
--
ALTER TABLE `craft_sproutforms_entries`
	ADD CONSTRAINT `craft_sproutforms_entries_formId_fk` FOREIGN KEY (`formId`) REFERENCES `craft_sproutforms_forms` (`id`) ON DELETE CASCADE,
	ADD CONSTRAINT `craft_sproutforms_entries_id_fk` FOREIGN KEY (`id`) REFERENCES `craft_elements` (`id`) ON DELETE CASCADE;

--
-- Constraints for table `craft_sproutforms_forms`
--
ALTER TABLE `craft_sproutforms_forms`
	ADD CONSTRAINT `craft_sproutforms_forms_fieldLayoutId_fk` FOREIGN KEY (`fieldLayoutId`) REFERENCES `craft_fieldlayouts` (`id`) ON DELETE SET NULL,
	ADD CONSTRAINT `craft_sproutforms_forms_id_fk` FOREIGN KEY (`id`) REFERENCES `craft_elements` (`id`) ON DELETE CASCADE;

--
-- Constraints for table `craft_sproutformscontent_basic`
--
ALTER TABLE `craft_sproutformscontent_basic`
	ADD CONSTRAINT `craft_sproutformscontent_basic_elementId_fk` FOREIGN KEY (`elementId`) REFERENCES `craft_elements` (`id`) ON DELETE CASCADE,
	ADD CONSTRAINT `craft_sproutformscontent_basic_locale_fk` FOREIGN KEY (`locale`) REFERENCES `craft_locales` (`locale`) ON DELETE CASCADE ON UPDATE CASCADE;

--
-- Constraints for table `craft_sproutformscontent_contact`
--
ALTER TABLE `craft_sproutformscontent_contact`
	ADD CONSTRAINT `craft_sproutformscontent_contact_elementId_fk` FOREIGN KEY (`elementId`) REFERENCES `craft_elements` (`id`) ON DELETE CASCADE,
	ADD CONSTRAINT `craft_sproutformscontent_contact_locale_fk` FOREIGN KEY (`locale`) REFERENCES `craft_locales` (`locale`) ON DELETE CASCADE ON UPDATE CASCADE;

--
-- Constraints for table `craft_sproutformscontent_initial_survey`
--
ALTER TABLE `craft_sproutformscontent_initial_survey`
	ADD CONSTRAINT `craft_sproutformscontent_initial_survey_elementId_fk` FOREIGN KEY (`elementId`) REFERENCES `craft_elements` (`id`) ON DELETE CASCADE,
	ADD CONSTRAINT `craft_sproutformscontent_initial_survey_locale_fk` FOREIGN KEY (`locale`) REFERENCES `craft_locales` (`locale`) ON DELETE CASCADE ON UPDATE CASCADE;

--
-- Constraints for table `craft_sproutformscontent_simple_survey`
--
ALTER TABLE `craft_sproutformscontent_simple_survey`
	ADD CONSTRAINT `craft_sproutformscontent_simple_survey_elementId_fk` FOREIGN KEY (`elementId`) REFERENCES `craft_elements` (`id`) ON DELETE CASCADE,
	ADD CONSTRAINT `craft_sproutformscontent_simple_survey_locale_fk` FOREIGN KEY (`locale`) REFERENCES `craft_locales` (`locale`) ON DELETE CASCADE ON UPDATE CASCADE;

--
-- Constraints for table `craft_structureelements`
--
ALTER TABLE `craft_structureelements`
	ADD CONSTRAINT `craft_structureelements_elementId_fk` FOREIGN KEY (`elementId`) REFERENCES `craft_elements` (`id`) ON DELETE CASCADE,
	ADD CONSTRAINT `craft_structureelements_structureId_fk` FOREIGN KEY (`structureId`) REFERENCES `craft_structures` (`id`) ON DELETE CASCADE;

--
-- Constraints for table `craft_taggroups`
--
ALTER TABLE `craft_taggroups`
	ADD CONSTRAINT `craft_taggroups_fieldLayoutId_fk` FOREIGN KEY (`fieldLayoutId`) REFERENCES `craft_fieldlayouts` (`id`) ON DELETE SET NULL;

--
-- Constraints for table `craft_tags`
--
ALTER TABLE `craft_tags`
	ADD CONSTRAINT `craft_tags_groupId_fk` FOREIGN KEY (`groupId`) REFERENCES `craft_taggroups` (`id`) ON DELETE CASCADE,
	ADD CONSTRAINT `craft_tags_id_fk` FOREIGN KEY (`id`) REFERENCES `craft_elements` (`id`) ON DELETE CASCADE;

--
-- Constraints for table `craft_templatecachecriteria`
--
ALTER TABLE `craft_templatecachecriteria`
	ADD CONSTRAINT `craft_templatecachecriteria_cacheId_fk` FOREIGN KEY (`cacheId`) REFERENCES `craft_templatecaches` (`id`) ON DELETE CASCADE;

--
-- Constraints for table `craft_templatecacheelements`
--
ALTER TABLE `craft_templatecacheelements`
	ADD CONSTRAINT `craft_templatecacheelements_cacheId_fk` FOREIGN KEY (`cacheId`) REFERENCES `craft_templatecaches` (`id`) ON DELETE CASCADE,
	ADD CONSTRAINT `craft_templatecacheelements_elementId_fk` FOREIGN KEY (`elementId`) REFERENCES `craft_elements` (`id`) ON DELETE CASCADE;

--
-- Constraints for table `craft_templatecaches`
--
ALTER TABLE `craft_templatecaches`
	ADD CONSTRAINT `craft_templatecaches_locale_fk` FOREIGN KEY (`locale`) REFERENCES `craft_locales` (`locale`) ON DELETE CASCADE ON UPDATE CASCADE;

--
-- Constraints for table `craft_usergroups_users`
--
ALTER TABLE `craft_usergroups_users`
	ADD CONSTRAINT `craft_usergroups_users_groupId_fk` FOREIGN KEY (`groupId`) REFERENCES `craft_usergroups` (`id`) ON DELETE CASCADE,
	ADD CONSTRAINT `craft_usergroups_users_userId_fk` FOREIGN KEY (`userId`) REFERENCES `craft_users` (`id`) ON DELETE CASCADE;

--
-- Constraints for table `craft_userpermissions_usergroups`
--
ALTER TABLE `craft_userpermissions_usergroups`
	ADD CONSTRAINT `craft_userpermissions_usergroups_groupId_fk` FOREIGN KEY (`groupId`) REFERENCES `craft_usergroups` (`id`) ON DELETE CASCADE,
	ADD CONSTRAINT `craft_userpermissions_usergroups_permissionId_fk` FOREIGN KEY (`permissionId`) REFERENCES `craft_userpermissions` (`id`) ON DELETE CASCADE;

--
-- Constraints for table `craft_userpermissions_users`
--
ALTER TABLE `craft_userpermissions_users`
	ADD CONSTRAINT `craft_userpermissions_users_permissionId_fk` FOREIGN KEY (`permissionId`) REFERENCES `craft_userpermissions` (`id`) ON DELETE CASCADE,
	ADD CONSTRAINT `craft_userpermissions_users_userId_fk` FOREIGN KEY (`userId`) REFERENCES `craft_users` (`id`) ON DELETE CASCADE;

--
-- Constraints for table `craft_users`
--
ALTER TABLE `craft_users`
	ADD CONSTRAINT `craft_users_id_fk` FOREIGN KEY (`id`) REFERENCES `craft_elements` (`id`) ON DELETE CASCADE,
	ADD CONSTRAINT `craft_users_preferredLocale_fk` FOREIGN KEY (`preferredLocale`) REFERENCES `craft_locales` (`locale`) ON DELETE SET NULL ON UPDATE CASCADE;

--
-- Constraints for table `craft_widgets`
--
ALTER TABLE `craft_widgets`
	ADD CONSTRAINT `craft_widgets_userId_fk` FOREIGN KEY (`userId`) REFERENCES `craft_users` (`id`) ON DELETE CASCADE;

SET FOREIGN_KEY_CHECKS = 1;
